[{"model": "contenttypes.contenttype", "pk": 1, "fields": {"app_label": "admin", "model": "logentry"}}, {"model": "contenttypes.contenttype", "pk": 2, "fields": {"app_label": "auth", "model": "permission"}}, {"model": "contenttypes.contenttype", "pk": 3, "fields": {"app_label": "auth", "model": "group"}}, {"model": "contenttypes.contenttype", "pk": 4, "fields": {"app_label": "auth", "model": "user"}}, {"model": "contenttypes.contenttype", "pk": 5, "fields": {"app_label": "contenttypes", "model": "contenttype"}}, {"model": "contenttypes.contenttype", "pk": 6, "fields": {"app_label": "sessions", "model": "session"}}, {"model": "contenttypes.contenttype", "pk": 7, "fields": {"app_label": "visualAdmin", "model": "tagtranslation"}}, {"model": "contenttypes.contenttype", "pk": 8, "fields": {"app_label": "visualAdmin", "model": "tag"}}, {"model": "contenttypes.contenttype", "pk": 9, "fields": {"app_label": "visualAdmin", "model": "artworktranslation"}}, {"model": "contenttypes.contenttype", "pk": 10, "fields": {"app_label": "visualAdmin", "model": "artwork"}}, {"model": "contenttypes.contenttype", "pk": 11, "fields": {"app_label": "visualAdmin", "model": "videoartwork"}}, {"model": "contenttypes.contenttype", "pk": 12, "fields": {"app_label": "visualAdmin", "model": "imageartwork"}}, {"model": "contenttypes.contenttype", "pk": 13, "fields": {"app_label": "visualAdmin", "model": "soundartwork"}}, {"model": "contenttypes.contenttype", "pk": 14, "fields": {"app_label": "visualAdmin", "model": "artist"}}, {"model": "contenttypes.contenttype", "pk": 15, "fields": {"app_label": "visualAdmin", "model": "expositiontranslation"}}, {"model": "contenttypes.contenttype", "pk": 16, "fields": {"app_label": "visualAdmin", "model": "exposition"}}, {"model": "contenttypes.contenttype", "pk": 18, "fields": {"app_label": "visualAdmin", "model": "display"}}, {"model": "contenttypes.contenttype", "pk": 19, "fields": {"app_label": "visualAdmin", "model": "task"}}, {"model": "contenttypes.contenttype", "pk": 20, "fields": {"app_label": "visualAdmin", "model": "visualuser"}}, {"model": "contenttypes.contenttype", "pk": 21, "fields": {"app_label": "visualAdmin", "model": "artisttranslation"}}, {"model": "contenttypes.contenttype", "pk": 22, "fields": {"app_label": "menu", "model": "bookmark"}}, {"model": "contenttypes.contenttype", "pk": 23, "fields": {"app_label": "dashboard", "model": "dashboardpreferences"}}, {"model": "contenttypes.contenttype", "pk": 24, "fields": {"app_label": "sites", "model": "site"}}, {"model": "sessions.session", "pk": "1yie5l1y42ehb5vpsp3dn37dsla7ypqt", "fields": {"session_data": "OGYyMTQ5M2E5MWMzMGJjZDFjMmZmM2QzYTRmMjVlMjlhMDViZDNhZDp7Il9hdXRoX3VzZXJfaGFzaCI6IjdkOWY2N2NkNzgzNTI1N2Y1OTQzOWYzMjkxNjJkNzU2Mjc5OWQ2ZGIiLCJfYXV0aF91c2VyX2lkIjoiMSIsIl9hdXRoX3VzZXJfYmFja2VuZCI6ImRqYW5nby5jb250cmliLmF1dGguYmFja2VuZHMuTW9kZWxCYWNrZW5kIn0=", "expire_date": "2016-08-10T14:40:36Z"}}, {"model": "sessions.session", "pk": "j314jow44quqcv18nn3d26nik806otau", "fields": {"session_data": "OGYyMTQ5M2E5MWMzMGJjZDFjMmZmM2QzYTRmMjVlMjlhMDViZDNhZDp7Il9hdXRoX3VzZXJfaGFzaCI6IjdkOWY2N2NkNzgzNTI1N2Y1OTQzOWYzMjkxNjJkNzU2Mjc5OWQ2ZGIiLCJfYXV0aF91c2VyX2lkIjoiMSIsIl9hdXRoX3VzZXJfYmFja2VuZCI6ImRqYW5nby5jb250cmliLmF1dGguYmFja2VuZHMuTW9kZWxCYWNrZW5kIn0=", "expire_date": "2016-08-08T15:07:08Z"}}, {"model": "sessions.session", "pk": "k2mbel51sa3h61kgu4w995sz12ct41pl", "fields": {"session_data": "OGYyMTQ5M2E5MWMzMGJjZDFjMmZmM2QzYTRmMjVlMjlhMDViZDNhZDp7Il9hdXRoX3VzZXJfaGFzaCI6IjdkOWY2N2NkNzgzNTI1N2Y1OTQzOWYzMjkxNjJkNzU2Mjc5OWQ2ZGIiLCJfYXV0aF91c2VyX2lkIjoiMSIsIl9hdXRoX3VzZXJfYmFja2VuZCI6ImRqYW5nby5jb250cmliLmF1dGguYmFja2VuZHMuTW9kZWxCYWNrZW5kIn0=", "expire_date": "2016-07-26T20:28:35Z"}}, {"model": "sessions.session", "pk": "qy0ksfcs4ht7by3vrrlr0gd81f2i3f2h", "fields": {"session_data": "MDY2OWFmZWE2NDA4MjE4OGQwZDM4YmU4ODdjMDI4NTI0YTg1MzljNTp7Il9hdXRoX3VzZXJfaWQiOiIxIiwiX2F1dGhfdXNlcl9iYWNrZW5kIjoiZGphbmdvLmNvbnRyaWIuYXV0aC5iYWNrZW5kcy5Nb2RlbEJhY2tlbmQiLCJfbGFuZ3VhZ2UiOiJkZSIsIl9hdXRoX3VzZXJfaGFzaCI6IjdkOWY2N2NkNzgzNTI1N2Y1OTQzOWYzMjkxNjJkNzU2Mjc5OWQ2ZGIifQ==", "expire_date": "2016-08-11T07:19:37Z"}}, {"model": "sessions.session", "pk": "sss0yovmpgmo6u8wx60857cwolsy7bel", "fields": {"session_data": "ZDk2ZDg2ZDNhZWQ3M2NhMTI2N2FkNDg4N2U1ZDkxYzJlNGQwN2U0NDp7Il9hdXRoX3VzZXJfaGFzaCI6IjdkOWY2N2NkNzgzNTI1N2Y1OTQzOWYzMjkxNjJkNzU2Mjc5OWQ2ZGIiLCJfYXV0aF91c2VyX2JhY2tlbmQiOiJkamFuZ28uY29udHJpYi5hdXRoLmJhY2tlbmRzLk1vZGVsQmFja2VuZCIsIl9hdXRoX3VzZXJfaWQiOiIxIn0=", "expire_date": "2016-08-10T13:40:29Z"}}, {"model": "visualAdmin.tagtranslation", "pk": 1, "fields": {"language_code": "fr", "name": "test", "description": "t'est", "master": 1}}, {"model": "visualAdmin.tag", "pk": 1, "fields": {}}, {"model": "visualAdmin.artisttranslation", "pk": 1, "fields": {"language_code": "fr", "description": "", "master": 1}}, {"model": "visualAdmin.artisttranslation", "pk": 2, "fields": {"language_code": "en", "description": "<p>English Bio</p>", "master": 1}}, {"model": "visualAdmin.artisttranslation", "pk": 3, "fields": {"language_code": "fr", "description": "<p>fefef</p>", "master": 2}}, {"model": "visualAdmin.artisttranslation", "pk": 4, "fields": {"language_code": "fr", "description": "<p>Lorem ipsum dolor sit amet, consectetur adipiscing elit, sed do eiusmod tempor incididunt ut labore et dolore magna aliqua. Ut enim ad minim veniam, quis nostrud exercitation ullamco laboris nisi ut aliquip ex ea commodo consequat. Duis aute irure dolor in reprehenderit in voluptate velit esse cillum dolore eu fugiat nulla pariatur. Excepteur sint occaecat cupidatat non proident, sunt in culpa qui officia deserunt mollit anim id est laborum.</p>", "master": 3}}, {"model": "visualAdmin.artisttranslation", "pk": 5, "fields": {"language_code": "fr", "description": "<p>Lorem ipsum dolor sit amet, consectetur adipiscing elit, sed do eiusmod tempor incididunt ut labore et dolore magna aliqua. Ut enim ad minim veniam, quis nostrud exercitation ullamco laboris nisi ut aliquip ex ea commodo consequat. Duis aute irure dolor in reprehenderit in voluptate velit esse cillum dolore eu fugiat nulla pariatur. Excepteur sint occaecat cupidatat non proident, sunt in culpa qui officia deserunt mollit anim id est laborum.</p>", "master": 4}}, {"model": "visualAdmin.artisttranslation", "pk": 6, "fields": {"language_code": "fr", "description": "<p>Lorem ipsum dolor sit amet, consectetur adipiscing elit, sed do eiusmod tempor incididunt ut labore et dolore magna aliqua. Ut enim ad minim veniam, quis nostrud exercitation ullamco laboris nisi ut aliquip ex ea commodo consequat. Duis aute irure dolor in reprehenderit in voluptate velit esse cillum dolore eu fugiat nulla pariatur. Excepteur sint occaecat cupidatat non proident, sunt in culpa qui officia deserunt mollit anim id est laborum.</p>", "master": 5}}, {"model": "visualAdmin.artisttranslation", "pk": 7, "fields": {"language_code": "fr", "description": "<p>Lorem ipsum dolor sit amet, consectetur adipiscing elit, sed do eiusmod tempor incididunt ut labore et dolore magna aliqua. Ut enim ad minim veniam, quis nostrud exercitation ullamco laboris nisi ut aliquip ex ea commodo consequat. Duis aute irure dolor in reprehenderit in voluptate velit esse cillum dolore eu fugiat nulla pariatur. Excepteur sint occaecat cupidatat non proident, sunt in culpa qui officia deserunt mollit anim id est laborum.</p>", "master": 6}}, {"model": "visualAdmin.artisttranslation", "pk": 8, "fields": {"language_code": "fr", "description": "<p>Lorem ipsum dolor sit amet, consectetur adipiscing elit, sed do eiusmod tempor incididunt ut labore et dolore magna aliqua. Ut enim ad minim veniam, quis nostrud exercitation ullamco laboris nisi ut aliquip ex ea commodo consequat. Duis aute irure dolor in reprehenderit in voluptate velit esse cillum dolore eu fugiat nulla pariatur. Excepteur sint occaecat cupidatat non proident, sunt in culpa qui officia deserunt mollit anim id est laborum.Lorem ipsum dolor sit amet, consectetur adipiscing elit, sed do eiusmod tempor incididunt ut labore et dolore magna aliqua. Ut enim ad minim veniam, quis nostrud exercitation ullamco laboris nisi ut aliquip ex ea commodo consequat. Duis aute irure dolor in reprehenderit in voluptate velit esse cillum dolore eu fugiat nulla pariatur. Excepteur sint occaecat cupidatat non proident, sunt in culpa qui officia deserunt mollit anim id est laborum.</p>", "master": 7}}, {"model": "visualAdmin.artist", "pk": 1, "fields": {"first_name": "John", "last_name": "Lee", "stage_name": "", "birth_date": null, "photo": "", "tags": []}}, {"model": "visualAdmin.artist", "pk": 2, "fields": {"first_name": "John", "last_name": "Doe", "stage_name": "doeeeeeee", "birth_date": "2016-07-25", "photo": "", "tags": []}}, {"model": "visualAdmin.artist", "pk": 3, "fields": {"first_name": "Martin", "last_name": "Dupond", "stage_name": "Dup", "birth_date": "1956-01-25", "photo": "image/artiste.jpg", "tags": []}}, {"model": "visualAdmin.artist", "pk": 4, "fields": {"first_name": "Luther", "last_name": "King", "stage_name": "King", "birth_date": "1965-06-02", "photo": "image/artiste_GkdjYJb.jpg", "tags": []}}, {"model": "visualAdmin.artist", "pk": 5, "fields": {"first_name": "John", "last_name": "Jones", "stage_name": "Jo", "birth_date": "1963-12-07", "photo": "image/artiste_5aixxIp.jpg", "tags": []}}, {"model": "visualAdmin.artist", "pk": 6, "fields": {"first_name": "Peintre", "last_name": "1", "stage_name": "P1", "birth_date": "2016-07-26", "photo": "image/artiste_htdy8V8.jpg", "tags": []}}, {"model": "visualAdmin.artist", "pk": 7, "fields": {"first_name": "Chanteur", "last_name": "1", "stage_name": "C1", "birth_date": "2016-07-26", "photo": "image/artiste_xsnERBj.jpg", "tags": []}}, {"model": "visualAdmin.artworktranslation", "pk": 1, "fields": {"language_code": "fr", "title": "test", "description": "", "master": 1}}, {"model": "visualAdmin.artworktranslation", "pk": 2, "fields": {"language_code": "fr", "title": "oeuvre 2", "description": "test", "master": 2}}, {"model": "visualAdmin.artworktranslation", "pk": 3, "fields": {"language_code": "fr", "title": "image test", "description": "azef", "master": 3}}, {"model": "visualAdmin.artworktranslation", "pk": 4, "fields": {"language_code": "fr", "title": "R\u00e9volution", "description": "Lorem ipsum dolor sit amet, consectetur adipiscing elit, sed do eiusmod tempor incididunt ut labore et dolore magna aliqua. Ut enim ad minim veniam, quis nostrud exercitation ullamco laboris nisi ut aliquip ex ea commodo consequat. Duis aute irure dolor in reprehenderit in voluptate velit esse cillum dolore eu fugiat nulla pariatur. Excepteur sint occaecat cupidatat non proident, sunt in culpa qui officia deserunt mollit anim id est laborum.Lorem ipsum dolor sit amet, consectetur adipiscing elit, sed do eiusmod tempor incididunt ut labore et dolore magna aliqua. Ut enim ad minim veniam, quis nostrud exercitation ullamco laboris nisi ut aliquip ex ea commodo consequat. Duis aute irure dolor in reprehenderit in voluptate velit esse cillum dolore eu fugiat nulla pariatur. Excepteur sint occaecat cupidatat non proident, sunt in culpa qui officia deserunt mollit anim id est laborum.", "master": 4}}, {"model": "visualAdmin.artworktranslation", "pk": 5, "fields": {"language_code": "fr", "title": "Musique", "description": "<p>Lorem ipsum dolor sit amet, consectetur adipiscing elit, sed do eiusmod tempor incididunt ut labore et dolore magna aliqua. Ut enim ad minim veniam, quis nostrud exercitation ullamco laboris nisi ut aliquip ex ea commodo consequat. Duis aute irure dolor in reprehenderit in voluptate velit esse cillum dolore eu fugiat nulla pariatur. Excepteur sint occaecat cupidatat non proident, sunt in culpa qui officia deserunt mollit anim id est laborum.Lorem ipsum dolor sit amet, consectetur adipiscing elit, sed do eiusmod tempor incididunt ut labore et dolore magna aliqua. Ut enim ad minim veniam, quis nostrud exercitation ullamco laboris nisi ut aliquip ex ea commodo consequat. Duis aute irure dolor in reprehenderit in voluptate velit esse cillum dolore eu fugiat nulla pariatur. Excepteur sint occaecat cupidatat non proident, sunt in culpa qui officia deserunt mollit anim id est laborum.</p>", "master": 5}}, {"model": "visualAdmin.artworktranslation", "pk": 6, "fields": {"language_code": "fr", "title": "Film", "description": "Lorem ipsum dolor sit amet, consectetur adipiscing elit, sed do eiusmod tempor incididunt ut labore et dolore magna aliqua. Ut enim ad minim veniam, quis nostrud exercitation ullamco laboris nisi ut aliquip ex ea commodo consequat. Duis aute irure dolor in reprehenderit in voluptate velit esse cillum dolore eu fugiat nulla pariatur. Excepteur sint occaecat cupidatat non proident, sunt in culpa qui officia deserunt mollit anim id est laborum.Lorem ipsum dolor sit amet, consectetur adipiscing elit, sed do eiusmod tempor incididunt ut labore et dolore magna aliqua. Ut enim ad minim veniam, quis nostrud exercitation ullamco laboris nisi ut aliquip ex ea commodo consequat. Duis aute irure dolor in reprehenderit in voluptate velit esse cillum dolore eu fugiat nulla pariatur. Excepteur sint occaecat cupidatat non proident, sunt in culpa qui officia deserunt mollit anim id est laborum.", "master": 6}}, {"model": "visualAdmin.artworktranslation", "pk": 7, "fields": {"language_code": "fr", "title": "Lucy", "description": "Lorem ipsum dolor sit amet, consectetur adipiscing elit, sed do eiusmod tempor incididunt ut labore et dolore magna aliqua. Ut enim ad minim veniam, quis nostrud exercitation ullamco laboris nisi ut aliquip ex ea commodo consequat. Duis aute irure dolor in reprehenderit in voluptate velit esse cillum dolore eu fugiat nulla pariatur. Excepteur sint occaecat cupidatat non proident, sunt in culpa qui officia deserunt mollit anim id est laborum.Lorem ipsum dolor sit amet, consectetur adipiscing elit, sed do eiusmod tempor incididunt ut labore et dolore magna aliqua. Ut enim ad minim veniam, quis nostrud exercitation ullamco laboris nisi ut aliquip ex ea commodo consequat. Duis aute irure dolor in reprehenderit in voluptate velit esse cillum dolore eu fugiat nulla pariatur. Excepteur sint occaecat cupidatat non proident, sunt in culpa qui officia deserunt mollit anim id est laborum.", "master": 7}}, {"model": "visualAdmin.artworktranslation", "pk": 8, "fields": {"language_code": "fr", "title": "Ninja Turtles", "description": "Lorem ipsum dolor sit amet, consectetur adipiscing elit, sed do eiusmod tempor incididunt ut labore et dolore magna aliqua. Ut enim ad minim veniam, quis nostrud exercitation ullamco laboris nisi ut aliquip ex ea commodo consequat. Duis aute irure dolor in reprehenderit in voluptate velit esse cillum dolore eu fugiat nulla pariatur. Excepteur sint occaecat cupidatat non proident, sunt in culpa qui officia deserunt mollit anim id est laborum.Lorem ipsum dolor sit amet, consectetur adipiscing elit, sed do eiusmod tempor incididunt ut labore et dolore magna aliqua. Ut enim ad minim veniam, quis nostrud exercitation ullamco laboris nisi ut aliquip ex ea commodo consequat. Duis aute irure dolor in reprehenderit in voluptate velit esse cillum dolore eu fugiat nulla pariatur. Excepteur sint occaecat cupidatat non proident, sunt in culpa qui officia deserunt mollit anim id est laborum.", "master": 8}}, {"model": "visualAdmin.artworktranslation", "pk": 9, "fields": {"language_code": "fr", "title": "Son 2", "description": "<p>Lorem ipsum dolor sit amet, consectetur adipiscing elit, sed do eiusmod tempor incididunt ut labore et dolore magna aliqua. Ut enim ad minim veniam, quis nostrud exercitation ullamco laboris nisi ut aliquip ex ea commodo consequat. Duis aute irure dolor in reprehenderit in voluptate velit esse cillum dolore eu fugiat nulla pariatur. Excepteur sint occaecat cupidatat non proident, sunt in culpa qui officia deserunt mollit anim id est laborum.Lorem ipsum dolor sit amet, consectetur adipiscing elit, sed do eiusmod tempor incididunt ut labore et dolore magna aliqua. Ut enim ad minim veniam, quis nostrud exercitation ullamco laboris nisi ut aliquip ex ea commodo consequat. Duis aute irure dolor in reprehenderit in voluptate velit esse cillum dolore eu fugiat nulla pariatur. Excepteur sint occaecat cupidatat non proident, sunt in culpa qui officia deserunt mollit anim id est laborum.</p>", "master": 9}}, {"model": "visualAdmin.artworktranslation", "pk": 10, "fields": {"language_code": "fr", "title": "Son 3", "description": "<p>Lorem ipsum dolor sit amet, consectetur adipiscing elit, sed do eiusmod tempor incididunt ut labore et dolore magna aliqua. Ut enim ad minim veniam, quis nostrud exercitation ullamco laboris nisi ut aliquip ex ea commodo consequat. Duis aute irure dolor in reprehenderit in voluptate velit esse cillum dolore eu fugiat nulla pariatur. Excepteur sint occaecat cupidatat non proident, sunt in culpa qui officia deserunt mollit anim id est laborum.</p>", "master": 10}}, {"model": "visualAdmin.artworktranslation", "pk": 11, "fields": {"language_code": "fr", "title": "Image 4", "description": "Lorem ipsum dolor sit amet, consectetur adipiscing elit, sed do eiusmod tempor incididunt ut labore et dolore magna aliqua. Ut enim ad minim veniam, quis nostrud exercitation ullamco laboris nisi ut aliquip ex ea commodo consequat. Duis aute irure dolor in reprehenderit in voluptate velit esse cillum dolore eu fugiat nulla pariatur. Excepteur sint occaecat cupidatat non proident, sunt in culpa qui officia deserunt mollit anim id est laborum.Lorem ipsum dolor sit amet, consectetur adipiscing elit, sed do eiusmod tempor incididunt ut labore et dolore magna aliqua. Ut enim ad minim veniam, quis nostrud exercitation ullamco laboris nisi ut aliquip ex ea commodo consequat. Duis aute irure dolor in reprehenderit in voluptate velit esse cillum dolore eu fugiat nulla pariatur. Excepteur sint occaecat cupidatat non proident, sunt in culpa qui officia deserunt mollit anim id est laborum.", "master": 11}}, {"model": "visualAdmin.artworktranslation", "pk": 12, "fields": {"language_code": "fr", "title": "Image 5", "description": "Lorem ipsum dolor sit amet, consectetur adipiscing elit, sed do eiusmod tempor incididunt ut labore et dolore magna aliqua. Ut enim ad minim veniam, quis nostrud exercitation ullamco laboris nisi ut aliquip ex ea commodo consequat. Duis aute irure dolor in reprehenderit in voluptate velit esse cillum dolore eu fugiat nulla pariatur. Excepteur sint occaecat cupidatat non proident, sunt in culpa qui officia deserunt mollit anim id est laborum.Lorem ipsum dolor sit amet, consectetur adipiscing elit, sed do eiusmod tempor incididunt ut labore et dolore magna aliqua. Ut enim ad minim veniam, quis nostrud exercitation ullamco laboris nisi ut aliquip ex ea commodo consequat. Duis aute irure dolor in reprehenderit in voluptate velit esse cillum dolore eu fugiat nulla pariatur. Excepteur sint occaecat cupidatat non proident, sunt in culpa qui officia deserunt mollit anim id est laborum.", "master": 12}}, {"model": "visualAdmin.artworktranslation", "pk": 13, "fields": {"language_code": "fr", "title": "Image 6", "description": "Lorem ipsum dolor sit amet, consectetur adipiscing elit, sed do eiusmod tempor incididunt ut labore et dolore magna aliqua. Ut enim ad minim veniam, quis nostrud exercitation ullamco laboris nisi ut aliquip ex ea commodo consequat. Duis aute irure dolor in reprehenderit in voluptate velit esse cillum dolore eu fugiat nulla pariatur. Excepteur sint occaecat cupidatat non proident, sunt in culpa qui officia deserunt mollit anim id est laborum.Lorem ipsum dolor sit amet, consectetur adipiscing elit, sed do eiusmod tempor incididunt ut labore et dolore magna aliqua. Ut enim ad minim veniam, quis nostrud exercitation ullamco laboris nisi ut aliquip ex ea commodo consequat. Duis aute irure dolor in reprehenderit in voluptate velit esse cillum dolore eu fugiat nulla pariatur. Excepteur sint occaecat cupidatat non proident, sunt in culpa qui officia deserunt mollit anim id est laborum.", "master": 13}}, {"model": "visualAdmin.artworktranslation", "pk": 14, "fields": {"language_code": "fr", "title": "Son 4", "description": "<p>Lorem ipsum dolor sit amet, consectetur adipiscing elit, sed do eiusmod tempor incididunt ut labore et dolore magna aliqua. Ut enim ad minim veniam, quis nostrud exercitation ullamco laboris nisi ut aliquip ex ea commodo consequat. Duis aute irure dolor in reprehenderit in voluptate velit esse cillum dolore eu fugiat nulla pariatur. Excepteur sint occaecat cupidatat non proident, sunt in culpa qui officia deserunt mollit anim id est laborum.Lorem ipsum dolor sit amet, consectetur adipiscing elit, sed do eiusmod tempor incididunt ut labore et dolore magna aliqua. Ut enim ad minim veniam, quis nostrud exercitation ullamco laboris nisi ut aliquip ex ea commodo consequat. Duis aute irure dolor in reprehenderit in voluptate velit esse cillum dolore eu fugiat nulla pariatur. Excepteur sint occaecat cupidatat non proident, sunt in culpa qui officia deserunt mollit anim id est laborum.</p>", "master": 14}}, {"model": "visualAdmin.artworktranslation", "pk": 15, "fields": {"language_code": "fr", "title": "Video 2", "description": "Lorem ipsum dolor sit amet, consectetur adipiscing elit, sed do eiusmod tempor incididunt ut labore et dolore magna aliqua. Ut enim ad minim veniam, quis nostrud exercitation ullamco laboris nisi ut aliquip ex ea commodo consequat. Duis aute irure dolor in reprehenderit in voluptate velit esse cillum dolore eu fugiat nulla pariatur. Excepteur sint occaecat cupidatat non proident, sunt in culpa qui officia deserunt mollit anim id est laborum.Lorem ipsum dolor sit amet, consectetur adipiscing elit, sed do eiusmod tempor incididunt ut labore et dolore magna aliqua. Ut enim ad minim veniam, quis nostrud exercitation ullamco laboris nisi ut aliquip ex ea commodo consequat. Duis aute irure dolor in reprehenderit in voluptate velit esse cillum dolore eu fugiat nulla pariatur. Excepteur sint occaecat cupidatat non proident, sunt in culpa qui officia deserunt mollit anim id est laborum.", "master": 15}}, {"model": "visualAdmin.artworktranslation", "pk": 16, "fields": {"language_code": "fr", "title": "Video 3", "description": "Lorem ipsum dolor sit amet, consectetur adipiscing elit, sed do eiusmod tempor incididunt ut labore et dolore magna aliqua. Ut enim ad minim veniam, quis nostrud exercitation ullamco laboris nisi ut aliquip ex ea commodo consequat. Duis aute irure dolor in reprehenderit in voluptate velit esse cillum dolore eu fugiat nulla pariatur. Excepteur sint occaecat cupidatat non proident, sunt in culpa qui officia deserunt mollit anim id est laborum.Lorem ipsum dolor sit amet, consectetur adipiscing elit, sed do eiusmod tempor incididunt ut labore et dolore magna aliqua. Ut enim ad minim veniam, quis nostrud exercitation ullamco laboris nisi ut aliquip ex ea commodo consequat. Duis aute irure dolor in reprehenderit in voluptate velit esse cillum dolore eu fugiat nulla pariatur. Excepteur sint occaecat cupidatat non proident, sunt in culpa qui officia deserunt mollit anim id est laborum.", "master": 16}}, {"model": "visualAdmin.artworktranslation", "pk": 17, "fields": {"language_code": "fr", "title": "VisualPicture", "description": "Lorem ipsum dolor sit amet, consectetur adipiscing elit, sed do eiusmod tempor incididunt ut labore et dolore magna aliqua. Ut enim ad minim veniam, quis nostrud exercitation ullamco laboris nisi ut aliquip ex ea commodo consequat. Duis aute irure dolor in reprehenderit in voluptate velit esse cillum dolore eu fugiat nulla pariatur. Excepteur sint occaecat cupidatat non proident, sunt in culpa qui officia deserunt mollit anim id est laborum.Lorem ipsum dolor sit amet, consectetur adipiscing elit, sed do eiusmod tempor incididunt ut labore et dolore magna aliqua. Ut enim ad minim veniam, quis nostrud exercitation ullamco laboris nisi ut aliquip ex ea commodo consequat. Duis aute irure dolor in reprehenderit in voluptate velit esse cillum dolore eu fugiat nulla pariatur. Excepteur sint occaecat cupidatat non proident, sunt in culpa qui officia deserunt mollit anim id est laborum.", "master": 17}}, {"model": "visualAdmin.soundartwork", "pk": 1, "fields": {"length": null, "file": "audio/test.mp3", "tags": []}}, {"model": "visualAdmin.videoartwork", "pk": 2, "fields": {"length": null, "file": "video/video.mkv", "tags": []}}, {"model": "visualAdmin.imageartwork", "pk": 3, "fields": {"file": "image/jocombe.jpg", "tags": []}}, {"model": "visualAdmin.imageartwork", "pk": 4, "fields": {"file": "image/200px-La_gioconda_rLqW4Rg.jpg", "tags": []}}, {"model": "visualAdmin.soundartwork", "pk": 5, "fields": {"length": 60, "file": "audio/horse_eCQP9Aa.mp3", "tags": []}}, {"model": "visualAdmin.videoartwork", "pk": 6, "fields": {"length": 90, "file": "video/mov_bbb_f8p0msb.mp4", "tags": []}}, {"model": "visualAdmin.videoartwork", "pk": 7, "fields": {"length": 98, "file": "video/mov_bbb_F96gUAq.mp4", "tags": []}}, {"model": "visualAdmin.videoartwork", "pk": 8, "fields": {"length": 105, "file": "video/mov_bbb_4WZO6Ks.mp4", "tags": []}}, {"model": "visualAdmin.soundartwork", "pk": 9, "fields": {"length": 25, "file": "audio/horse_BCuljWz.mp3", "tags": []}}, {"model": "visualAdmin.soundartwork", "pk": 10, "fields": {"length": 24, "file": "audio/horse_Ho8LtkQ.mp3", "tags": []}}, {"model": "visualAdmin.imageartwork", "pk": 11, "fields": {"file": "image/200px-La_gioconda_KP3ja0d.jpg", "tags": []}}, {"model": "visualAdmin.imageartwork", "pk": 12, "fields": {"file": "image/200px-La_gioconda_wxeANla.jpg", "tags": []}}, {"model": "visualAdmin.imageartwork", "pk": 13, "fields": {"file": "image/200px-La_gioconda_Dp7mMJQ.jpg", "tags": []}}, {"model": "visualAdmin.soundartwork", "pk": 14, "fields": {"length": 36, "file": "audio/horse_UEQabKe.mp3", "tags": []}}, {"model": "visualAdmin.videoartwork", "pk": 15, "fields": {"length": 154, "file": "video/mov_bbb_DA5V3io.mp4", "tags": []}}, {"model": "visualAdmin.videoartwork", "pk": 16, "fields": {"length": 254, "file": "video/mov_bbb_pgbUk9R.mp4", "tags": []}}, {"model": "visualAdmin.imageartwork", "pk": 17, "fields": {"file": "image/200px-La_gioconda_wN5F7SR.jpg", "tags": []}}, {"model": "visualAdmin.videoartwork", "pk": 2, "fields": {"length": null, "file": "video/video.mkv", "tags": []}}, {"model": "visualAdmin.videoartwork", "pk": 6, "fields": {"length": 90, "file": "video/mov_bbb_f8p0msb.mp4", "tags": []}}, {"model": "visualAdmin.videoartwork", "pk": 7, "fields": {"length": 98, "file": "video/mov_bbb_F96gUAq.mp4", "tags": []}}, {"model": "visualAdmin.videoartwork", "pk": 8, "fields": {"length": 105, "file": "video/mov_bbb_4WZO6Ks.mp4", "tags": []}}, {"model": "visualAdmin.videoartwork", "pk": 15, "fields": {"length": 154, "file": "video/mov_bbb_DA5V3io.mp4", "tags": []}}, {"model": "visualAdmin.videoartwork", "pk": 16, "fields": {"length": 254, "file": "video/mov_bbb_pgbUk9R.mp4", "tags": []}}, {"model": "visualAdmin.imageartwork", "pk": 3, "fields": {"file": "image/jocombe.jpg", "tags": []}}, {"model": "visualAdmin.imageartwork", "pk": 4, "fields": {"file": "image/200px-La_gioconda_rLqW4Rg.jpg", "tags": []}}, {"model": "visualAdmin.imageartwork", "pk": 11, "fields": {"file": "image/200px-La_gioconda_KP3ja0d.jpg", "tags": []}}, {"model": "visualAdmin.imageartwork", "pk": 12, "fields": {"file": "image/200px-La_gioconda_wxeANla.jpg", "tags": []}}, {"model": "visualAdmin.imageartwork", "pk": 13, "fields": {"file": "image/200px-La_gioconda_Dp7mMJQ.jpg", "tags": []}}, {"model": "visualAdmin.imageartwork", "pk": 17, "fields": {"file": "image/200px-La_gioconda_wN5F7SR.jpg", "tags": []}}, {"model": "visualAdmin.soundartwork", "pk": 1, "fields": {"length": null, "file": "audio/test.mp3", "tags": []}}, {"model": "visualAdmin.soundartwork", "pk": 5, "fields": {"length": 60, "file": "audio/horse_eCQP9Aa.mp3", "tags": []}}, {"model": "visualAdmin.soundartwork", "pk": 9, "fields": {"length": 25, "file": "audio/horse_BCuljWz.mp3", "tags": []}}, {"model": "visualAdmin.soundartwork", "pk": 10, "fields": {"length": 24, "file": "audio/horse_Ho8LtkQ.mp3", "tags": []}}, {"model": "visualAdmin.soundartwork", "pk": 14, "fields": {"length": 36, "file": "audio/horse_UEQabKe.mp3", "tags": []}}, {"model": "visualAdmin.expositiontranslation", "pk": 6, "fields": {"language_code": "fr", "title": "Soutenance", "description": "<p>Lorem ipsum dolor sit amet, consectetur adipiscing elit, sed do eiusmod tempor incididunt ut labore et dolore magna aliqua. Ut enim ad minim veniam, quis nostrud exercitation ullamco laboris nisi ut aliquip ex ea commodo consequat. Duis aute irure dolor in reprehenderit in voluptate velit esse cillum dolore eu fugiat nulla pariatur. Excepteur sint occaecat cupidatat non proident, sunt in culpa qui officia deserunt mollit anim id est laborum.Lorem ipsum dolor sit amet, consectetur adipiscing elit, sed do eiusmod tempor incididunt ut labore et dolore magna aliqua. Ut enim ad minim veniam, quis nostrud exercitation ullamco laboris nisi ut aliquip ex ea commodo consequat. Duis aute irure dolor in reprehenderit in voluptate velit esse cillum dolore eu fugiat nulla pariatur. Excepteur sint occaecat cupidatat non proident, sunt in culpa qui officia deserunt mollit anim id est laborum.</p>", "master": 6}}, {"model": "visualAdmin.expositiontranslation", "pk": 7, "fields": {"language_code": "fr", "title": "Before", "description": "<p>Lorem ipsum dolor sit amet, consectetur adipiscing elit, sed do eiusmod tempor incididunt ut labore et dolore magna aliqua. Ut enim ad minim veniam, quis nostrud exercitation ullamco laboris nisi ut aliquip ex ea commodo consequat. Duis aute irure dolor in reprehenderit in voluptate velit esse cillum dolore eu fugiat nulla pariatur. Excepteur sint occaecat cupidatat non proident, sunt in culpa qui officia deserunt mollit anim id est laborum.</p>", "master": 7}}, {"model": "visualAdmin.expositiontranslation", "pk": 8, "fields": {"language_code": "fr", "title": "After", "description": "<p>Lorem ipsum dolor sit amet, consectetur adipiscing elit, sed do eiusmod tempor incididunt ut labore et dolore magna aliqua. Ut enim ad minim veniam, quis nostrud exercitation ullamco laboris nisi ut aliquip ex ea commodo consequat. Duis aute irure dolor in reprehenderit in voluptate velit esse cillum dolore eu fugiat nulla pariatur. Excepteur sint occaecat cupidatat non proident, sunt in culpa qui officia deserunt mollit anim id est laborum.</p>", "master": 8}}, {"model": "visualAdmin.expositiontranslation", "pk": 9, "fields": {"language_code": "fr", "title": "GalleriePoitiers", "description": "<p>Lorem ipsum dolor sit amet, consectetur adipiscing elit, sed do eiusmod tempor incididunt ut labore et dolore magna aliqua. Ut enim ad minim veniam, quis nostrud exercitation ullamco laboris nisi ut aliquip ex ea commodo consequat. Duis aute irure dolor in reprehenderit in voluptate velit esse cillum dolore eu fugiat nulla pariatur. Excepteur sint occaecat cupidatat non proident, sunt in culpa qui officia deserunt mollit anim id est laborum.</p>", "master": 9}}, {"model": "visualAdmin.expositiontranslation", "pk": 10, "fields": {"language_code": "fr", "title": "GallerieVienne", "description": "<p>Lorem ipsum dolor sit amet, consectetur adipiscing elit, sed do eiusmod tempor incididunt ut labore et dolore magna aliqua. Ut enim ad minim veniam, quis nostrud exercitation ullamco laboris nisi ut aliquip ex ea commodo consequat. Duis aute irure dolor in reprehenderit in voluptate velit esse cillum dolore eu fugiat nulla pariatur. Excepteur sint occaecat cupidatat non proident, sunt in culpa qui officia deserunt mollit anim id est laborum.</p>", "master": 10}}, {"model": "visualAdmin.expositiontranslation", "pk": 11, "fields": {"language_code": "fr", "title": "VienneArt", "description": "<p>Lorem ipsum dolor sit amet, consectetur adipiscing elit, sed do eiusmod tempor incididunt ut labore et dolore magna aliqua. Ut enim ad minim veniam, quis nostrud exercitation ullamco laboris nisi ut aliquip ex ea commodo consequat. Duis aute irure dolor in reprehenderit in voluptate velit esse cillum dolore eu fugiat nulla pariatur. Excepteur sint occaecat cupidatat non proident, sunt in culpa qui officia deserunt mollit anim id est laborum.</p>", "master": 11}}, {"model": "visualAdmin.expositiontranslation", "pk": 12, "fields": {"language_code": "fr", "title": "PoitiersArt", "description": "<p>Lorem ipsum dolor sit amet, consectetur adipiscing elit, sed do eiusmod tempor incididunt ut labore et dolore magna aliqua. Ut enim ad minim veniam, quis nostrud exercitation ullamco laboris nisi ut aliquip ex ea commodo consequat. Duis aute irure dolor in reprehenderit in voluptate velit esse cillum dolore eu fugiat nulla pariatur. Excepteur sint occaecat cupidatat non proident, sunt in culpa qui officia deserunt mollit anim id est laborum.</p>", "master": 12}}, {"model": "visualAdmin.expositiontranslation", "pk": 13, "fields": {"language_code": "fr", "title": "Futuroscope", "description": "<p>Lorem ipsum dolor sit amet, consectetur adipiscing elit, sed do eiusmod tempor incididunt ut labore et dolore magna aliqua. Ut enim ad minim veniam, quis nostrud exercitation ullamco laboris nisi ut aliquip ex ea commodo consequat. Duis aute irure dolor in reprehenderit in voluptate velit esse cillum dolore eu fugiat nulla pariatur. Excepteur sint occaecat cupidatat non proident, sunt in culpa qui officia deserunt mollit anim id est laborum.</p>", "master": 13}}, {"model": "visualAdmin.expositiontranslation", "pk": 14, "fields": {"language_code": "fr", "title": "Parc des arts", "description": "<p>Lorem ipsum dolor sit amet, consectetur adipiscing elit, sed do eiusmod tempor incididunt ut labore et dolore magna aliqua. Ut enim ad minim veniam, quis nostrud exercitation ullamco laboris nisi ut aliquip ex ea commodo consequat. Duis aute irure dolor in reprehenderit in voluptate velit esse cillum dolore eu fugiat nulla pariatur. Excepteur sint occaecat cupidatat non proident, sunt in culpa qui officia deserunt mollit anim id est laborum.</p>", "master": 14}}, {"model": "visualAdmin.expositiontranslation", "pk": 15, "fields": {"language_code": "fr", "title": "Color GrandAngle", "description": "<p>Lorem ipsum dolor sit amet, consectetur adipiscing elit, sed do eiusmod tempor incididunt ut labore et dolore magna aliqua. Ut enim ad minim veniam, quis nostrud exercitation ullamco laboris nisi ut aliquip ex ea commodo consequat. Duis aute irure dolor in reprehenderit in voluptate velit esse cillum dolore eu fugiat nulla pariatur. Excepteur sint occaecat cupidatat non proident, sunt in culpa qui officia deserunt mollit anim id est laborum.Lorem ipsum dolor sit amet, consectetur adipiscing elit, sed do eiusmod tempor incididunt ut labore et dolore magna aliqua. Ut enim ad minim veniam, quis nostrud exercitation ullamco laboris nisi ut aliquip ex ea commodo consequat. Duis aute irure dolor in reprehenderit in voluptate velit esse cillum dolore eu fugiat nulla pariatur. Excepteur sint occaecat cupidatat non proident, sunt in culpa qui officia deserunt mollit anim id est laborum.</p>", "master": 15}}, {"model": "visualAdmin.expositiontranslation", "pk": 16, "fields": {"language_code": "fr", "title": "Django Expo", "description": "<p>Lorem ipsum dolor sit amet, consectetur adipiscing elit, sed do eiusmod tempor incididunt ut labore et dolore magna aliqua. Ut enim ad minim veniam, quis nostrud exercitation ullamco laboris nisi ut aliquip ex ea commodo consequat. Duis aute irure dolor in reprehenderit in voluptate velit esse cillum dolore eu fugiat nulla pariatur. Excepteur sint occaecat cupidatat non proident, sunt in culpa qui officia deserunt mollit anim id est laborum.Lorem ipsum dolor sit amet, consectetur adipiscing elit, sed do eiusmod tempor incididunt ut labore et dolore magna aliqua. Ut enim ad minim veniam, quis nostrud exercitation ullamco laboris nisi ut aliquip ex ea commodo consequat. Duis aute irure dolor in reprehenderit in voluptate velit esse cillum dolore eu fugiat nulla pariatur. Excepteur sint occaecat cupidatat non proident, sunt in culpa qui officia deserunt mollit anim id est laborum.</p>", "master": 16}}, {"model": "visualAdmin.expositiontranslation", "pk": 17, "fields": {"language_code": "fr", "title": "VisualExp", "description": "<p>Lorem ipsum dolor sit amet, consectetur adipiscing elit, sed do eiusmod tempor incididunt ut labore et dolore magna aliqua. Ut enim ad minim veniam, quis nostrud exercitation ullamco laboris nisi ut aliquip ex ea commodo consequat. Duis aute irure dolor in reprehenderit in voluptate velit esse cillum dolore eu fugiat nulla pariatur. Excepteur sint occaecat cupidatat non proident, sunt in culpa qui officia deserunt mollit anim id est laborum.</p>", "master": 17}}, {"model": "visualAdmin.expositiontranslation", "pk": 18, "fields": {"language_code": "fr", "title": "Visual", "description": "<p>Lorem ipsum dolor sit amet, consectetur adipiscing elit, sed do eiusmod tempor incididunt ut labore et dolore magna aliqua. Ut enim ad minim veniam, quis nostrud exercitation ullamco laboris nisi ut aliquip ex ea commodo consequat. Duis aute irure dolor in reprehenderit in voluptate velit esse cillum dolore eu fugiat nulla pariatur. Excepteur sint occaecat cupidatat non proident, sunt in culpa qui officia deserunt mollit anim id est laborum.</p>", "master": 18}}, {"model": "visualAdmin.expositiontranslation", "pk": 19, "fields": {"language_code": "fr", "title": "Expo de mars", "description": "<p>Lorem ipsum dolor sit amet, consectetur adipiscing elit, sed do eiusmod tempor incididunt ut labore et dolore magna aliqua. Ut enim ad minim veniam, quis nostrud exercitation ullamco laboris nisi ut aliquip ex ea commodo consequat. Duis aute irure dolor in reprehenderit in voluptate velit esse cillum dolore eu fugiat nulla pariatur. Excepteur sint occaecat cupidatat non proident, sunt in culpa qui officia deserunt mollit anim id est laborum.</p>", "master": 19}}, {"model": "visualAdmin.expositiontranslation", "pk": 20, "fields": {"language_code": "fr", "title": "EncoreExpo", "description": "<p>Lorem ipsum dolor sit amet, consectetur adipiscing elit, sed do eiusmod tempor incididunt ut labore et dolore magna aliqua. Ut enim ad minim veniam, quis nostrud exercitation ullamco laboris nisi ut aliquip ex ea commodo consequat. Duis aute irure dolor in reprehenderit in voluptate velit esse cillum dolore eu fugiat nulla pariatur. Excepteur sint occaecat cupidatat non proident, sunt in culpa qui officia deserunt mollit anim id est laborum.Lorem ipsum dolor sit amet, consectetur adipiscing elit, sed do eiusmod tempor incididunt ut labore et dolore magna aliqua. Ut enim ad minim veniam, quis nostrud exercitation ullamco laboris nisi ut aliquip ex ea commodo consequat. Duis aute irure dolor in reprehenderit in voluptate velit esse cillum dolore eu fugiat nulla pariatur. Excepteur sint occaecat cupidatat non proident, sunt in culpa qui officia deserunt mollit anim id est laborum.</p>", "master": 20}}, {"model": "visualAdmin.expositiontranslation", "pk": 21, "fields": {"language_code": "fr", "title": "M6 Expo", "description": "<p>Lorem ipsum dolor sit amet, consectetur adipiscing elit, sed do eiusmod tempor incididunt ut labore et dolore magna aliqua. Ut enim ad minim veniam, quis nostrud exercitation ullamco laboris nisi ut aliquip ex ea commodo consequat. Duis aute irure dolor in reprehenderit in voluptate velit esse cillum dolore eu fugiat nulla pariatur. Excepteur sint occaecat cupidatat non proident, sunt in culpa qui officia deserunt mollit anim id est laborum.Lorem ipsum dolor sit amet, consectetur adipiscing elit, sed do eiusmod tempor incididunt ut labore et dolore magna aliqua. Ut enim ad minim veniam, quis nostrud exercitation ullamco laboris nisi ut aliquip ex ea commodo consequat. Duis aute irure dolor in reprehenderit in voluptate velit esse cillum dolore eu fugiat nulla pariatur. Excepteur sint occaecat cupidatat non proident, sunt in culpa qui officia deserunt mollit anim id est laborum.</p>", "master": 21}}, {"model": "visualAdmin.exposition", "pk": 6, "fields": {"author": "CGM", "start_date": "2016-07-28", "end_date": "2016-07-30", "image": ""}}, {"model": "visualAdmin.exposition", "pk": 7, "fields": {"author": "FDH", "start_date": "2016-07-25", "end_date": "2016-07-25", "image": ""}}, {"model": "visualAdmin.exposition", "pk": 8, "fields": {"author": "JYT", "start_date": "2016-08-02", "end_date": "2016-08-02", "image": ""}}, {"model": "visualAdmin.exposition", "pk": 9, "fields": {"author": "KIO", "start_date": "2016-08-09", "end_date": "2016-08-15", "image": ""}}, {"model": "visualAdmin.exposition", "pk": 10, "fields": {"author": "MOP", "start_date": "2016-08-25", "end_date": "2016-09-12", "image": ""}}, {"model": "visualAdmin.exposition", "pk": 11, "fields": {"author": "GFT", "start_date": "2016-09-22", "end_date": "2016-09-30", "image": ""}}, {"model": "visualAdmin.exposition", "pk": 12, "fields": {"author": "BHGT", "start_date": "2016-10-03", "end_date": "2016-10-07", "image": ""}}, {"model": "visualAdmin.exposition", "pk": 13, "fields": {"author": "Future", "start_date": "2016-10-15", "end_date": "2016-10-22", "image": ""}}, {"model": "visualAdmin.exposition", "pk": 14, "fields": {"author": "Arts", "start_date": "2016-10-29", "end_date": "2016-11-15", "image": ""}}, {"model": "visualAdmin.exposition", "pk": 15, "fields": {"author": "Student", "start_date": "2016-12-06", "end_date": "2017-01-15", "image": ""}}, {"model": "visualAdmin.exposition", "pk": 16, "fields": {"author": "django", "start_date": "2017-02-02", "end_date": "2017-02-03", "image": ""}}, {"model": "visualAdmin.exposition", "pk": 17, "fields": {"author": "Visual", "start_date": "2017-03-20", "end_date": "2017-03-24", "image": ""}}, {"model": "visualAdmin.exposition", "pk": 18, "fields": {"author": "Vis", "start_date": "2017-03-24", "end_date": "2017-03-24", "image": ""}}, {"model": "visualAdmin.exposition", "pk": 19, "fields": {"author": "Mars", "start_date": "2017-03-28", "end_date": "2017-03-28", "image": ""}}, {"model": "visualAdmin.exposition", "pk": 20, "fields": {"author": "Enc", "start_date": "2017-04-01", "end_date": "2017-04-15", "image": ""}}, {"model": "visualAdmin.exposition", "pk": 21, "fields": {"author": "M6", "start_date": "2017-04-19", "end_date": "2017-04-25", "image": ""}}, {"model": "visualAdmin.display", "pk": 2, "fields": {"artwork": 17, "exposition": 6, "position": 1, "nb_views": 3, "has_arrived": true}}, {"model": "visualAdmin.display", "pk": 3, "fields": {"artwork": 16, "exposition": 6, "position": 2, "nb_views": 0, "has_arrived": false}}, {"model": "visualAdmin.display", "pk": 4, "fields": {"artwork": 14, "exposition": 6, "position": 8, "nb_views": 0, "has_arrived": false}}, {"model": "visualAdmin.display", "pk": 5, "fields": {"artwork": 4, "exposition": 6, "position": 6, "nb_views": 0, "has_arrived": false}}, {"model": "auth.permission", "pk": 1, "fields": {"name": "Can add log entry", "content_type": 1, "codename": "add_logentry"}}, {"model": "auth.permission", "pk": 2, "fields": {"name": "Can change log entry", "content_type": 1, "codename": "change_logentry"}}, {"model": "auth.permission", "pk": 3, "fields": {"name": "Can delete log entry", "content_type": 1, "codename": "delete_logentry"}}, {"model": "auth.permission", "pk": 4, "fields": {"name": "Can add permission", "content_type": 2, "codename": "add_permission"}}, {"model": "auth.permission", "pk": 5, "fields": {"name": "Can change permission", "content_type": 2, "codename": "change_permission"}}, {"model": "auth.permission", "pk": 6, "fields": {"name": "Can delete permission", "content_type": 2, "codename": "delete_permission"}}, {"model": "auth.permission", "pk": 7, "fields": {"name": "Can add group", "content_type": 3, "codename": "add_group"}}, {"model": "auth.permission", "pk": 8, "fields": {"name": "Can change group", "content_type": 3, "codename": "change_group"}}, {"model": "auth.permission", "pk": 9, "fields": {"name": "Can delete group", "content_type": 3, "codename": "delete_group"}}, {"model": "auth.permission", "pk": 10, "fields": {"name": "Can add user", "content_type": 4, "codename": "add_user"}}, {"model": "auth.permission", "pk": 11, "fields": {"name": "Can change user", "content_type": 4, "codename": "change_user"}}, {"model": "auth.permission", "pk": 12, "fields": {"name": "Can delete user", "content_type": 4, "codename": "delete_user"}}, {"model": "auth.permission", "pk": 13, "fields": {"name": "Can add content type", "content_type": 5, "codename": "add_contenttype"}}, {"model": "auth.permission", "pk": 14, "fields": {"name": "Can change content type", "content_type": 5, "codename": "change_contenttype"}}, {"model": "auth.permission", "pk": 15, "fields": {"name": "Can delete content type", "content_type": 5, "codename": "delete_contenttype"}}, {"model": "auth.permission", "pk": 16, "fields": {"name": "Can add session", "content_type": 6, "codename": "add_session"}}, {"model": "auth.permission", "pk": 17, "fields": {"name": "Can change session", "content_type": 6, "codename": "change_session"}}, {"model": "auth.permission", "pk": 18, "fields": {"name": "Can delete session", "content_type": 6, "codename": "delete_session"}}, {"model": "auth.permission", "pk": 19, "fields": {"name": "Can add tag", "content_type": 8, "codename": "add_tag"}}, {"model": "auth.permission", "pk": 20, "fields": {"name": "Can change tag", "content_type": 8, "codename": "change_tag"}}, {"model": "auth.permission", "pk": 21, "fields": {"name": "Can delete tag", "content_type": 8, "codename": "delete_tag"}}, {"model": "auth.permission", "pk": 22, "fields": {"name": "Can add Oeuvre", "content_type": 10, "codename": "add_artwork"}}, {"model": "auth.permission", "pk": 23, "fields": {"name": "Can change Oeuvre", "content_type": 10, "codename": "change_artwork"}}, {"model": "auth.permission", "pk": 24, "fields": {"name": "Can delete Oeuvre", "content_type": 10, "codename": "delete_artwork"}}, {"model": "auth.permission", "pk": 25, "fields": {"name": "Can add Oeuvre Vid\u00e9o", "content_type": 11, "codename": "add_videoartwork"}}, {"model": "auth.permission", "pk": 26, "fields": {"name": "Can change Oeuvre Vid\u00e9o", "content_type": 11, "codename": "change_videoartwork"}}, {"model": "auth.permission", "pk": 27, "fields": {"name": "Can delete Oeuvre Vid\u00e9o", "content_type": 11, "codename": "delete_videoartwork"}}, {"model": "auth.permission", "pk": 28, "fields": {"name": "Can add Oeuvre Image", "content_type": 12, "codename": "add_imageartwork"}}, {"model": "auth.permission", "pk": 29, "fields": {"name": "Can change Oeuvre Image", "content_type": 12, "codename": "change_imageartwork"}}, {"model": "auth.permission", "pk": 30, "fields": {"name": "Can delete Oeuvre Image", "content_type": 12, "codename": "delete_imageartwork"}}, {"model": "auth.permission", "pk": 31, "fields": {"name": "Can add Oeuvre Sonore", "content_type": 13, "codename": "add_soundartwork"}}, {"model": "auth.permission", "pk": 32, "fields": {"name": "Can change Oeuvre Sonore", "content_type": 13, "codename": "change_soundartwork"}}, {"model": "auth.permission", "pk": 33, "fields": {"name": "Can delete Oeuvre Sonore", "content_type": 13, "codename": "delete_soundartwork"}}, {"model": "auth.permission", "pk": 34, "fields": {"name": "Can add Artiste", "content_type": 14, "codename": "add_artist"}}, {"model": "auth.permission", "pk": 35, "fields": {"name": "Can change Artiste", "content_type": 14, "codename": "change_artist"}}, {"model": "auth.permission", "pk": 36, "fields": {"name": "Can delete Artiste", "content_type": 14, "codename": "delete_artist"}}, {"model": "auth.permission", "pk": 37, "fields": {"name": "Can add Exposition", "content_type": 16, "codename": "add_exposition"}}, {"model": "auth.permission", "pk": 38, "fields": {"name": "Can change Exposition", "content_type": 16, "codename": "change_exposition"}}, {"model": "auth.permission", "pk": 39, "fields": {"name": "Can delete Exposition", "content_type": 16, "codename": "delete_exposition"}}, {"model": "auth.permission", "pk": 40, "fields": {"name": "Can add Expos\u00e9", "content_type": 18, "codename": "add_display"}}, {"model": "auth.permission", "pk": 41, "fields": {"name": "Can change Expos\u00e9", "content_type": 18, "codename": "change_display"}}, {"model": "auth.permission", "pk": 42, "fields": {"name": "Can delete Expos\u00e9", "content_type": 18, "codename": "delete_display"}}, {"model": "auth.permission", "pk": 43, "fields": {"name": "Can add T\u00e2che", "content_type": 19, "codename": "add_task"}}, {"model": "auth.permission", "pk": 44, "fields": {"name": "Can change T\u00e2che", "content_type": 19, "codename": "change_task"}}, {"model": "auth.permission", "pk": 45, "fields": {"name": "Can delete T\u00e2che", "content_type": 19, "codename": "delete_task"}}, {"model": "auth.permission", "pk": 46, "fields": {"name": "Can add Utilisateur", "content_type": 20, "codename": "add_visualuser"}}, {"model": "auth.permission", "pk": 47, "fields": {"name": "Can change Utilisateur", "content_type": 20, "codename": "change_visualuser"}}, {"model": "auth.permission", "pk": 48, "fields": {"name": "Can delete Utilisateur", "content_type": 20, "codename": "delete_visualuser"}}, {"model": "auth.permission", "pk": 49, "fields": {"name": "Can add bookmark", "content_type": 22, "codename": "add_bookmark"}}, {"model": "auth.permission", "pk": 50, "fields": {"name": "Can change bookmark", "content_type": 22, "codename": "change_bookmark"}}, {"model": "auth.permission", "pk": 51, "fields": {"name": "Can delete bookmark", "content_type": 22, "codename": "delete_bookmark"}}, {"model": "auth.permission", "pk": 52, "fields": {"name": "Can add dashboard preferences", "content_type": 23, "codename": "add_dashboardpreferences"}}, {"model": "auth.permission", "pk": 53, "fields": {"name": "Can change dashboard preferences", "content_type": 23, "codename": "change_dashboardpreferences"}}, {"model": "auth.permission", "pk": 54, "fields": {"name": "Can delete dashboard preferences", "content_type": 23, "codename": "delete_dashboardpreferences"}}, {"model": "auth.permission", "pk": 55, "fields": {"name": "Can add site", "content_type": 24, "codename": "add_site"}}, {"model": "auth.permission", "pk": 56, "fields": {"name": "Can change site", "content_type": 24, "codename": "change_site"}}, {"model": "auth.permission", "pk": 57, "fields": {"name": "Can delete site", "content_type": 24, "codename": "delete_site"}}, {"model": "auth.group", "pk": 1, "fields": {"name": "Administrateur Site", "permissions": [7, 8, 9, 10, 11, 12, 34, 35, 36, 22, 23, 24, 40, 41, 42, 37, 38, 39, 28, 29, 30, 31, 32, 33, 19, 20, 21, 43, 44, 45, 25, 26, 27, 46, 47, 48]}}, {"model": "auth.group", "pk": 2, "fields": {"name": "Employ\u00e9s", "permissions": [34, 35, 36, 22, 23, 24, 40, 41, 42, 37, 38, 39, 28, 29, 30, 31, 32, 33, 19, 20, 21, 43, 44, 45, 25, 26, 27, 46, 47, 48]}}, {"model": "auth.user", "pk": 1, "fields": {"password": "pbkdf2_sha256$24000$vbvaGb02qezT$1o5b6KAyWtPhriHfdQe7wJ133OAmMXDaRHxoCRxWmNU=", "last_login": "2016-07-27T14:40:36Z", "is_superuser": true, "username": "admin", "first_name": "", "last_name": "", "email": "admin@visualexp.com", "is_staff": true, "is_active": true, "date_joined": "2016-07-12T18:36:57Z", "groups": [], "user_permissions": []}}, {"model": "auth.user", "pk": 2, "fields": {"password": "pbkdf2_sha256$24000$WfjfxjqM06jH$FKsEm1c2GF82/SFPdEhGIMG7XygpqsTVQRqOS/Wayd0=", "last_login": "2016-07-27T13:35:50Z", "is_superuser": false, "username": "Directeur", "first_name": "Dir", "last_name": "Ecteur", "email": "dirlo@grandangle.fr", "is_staff": true, "is_active": true, "date_joined": "2016-07-12T18:37:20Z", "groups": [1], "user_permissions": []}}, {"model": "auth.user", "pk": 3, "fields": {"password": "pbkdf2_sha256$24000$ZeubYzxP9K4o$3PL3hSFOplg8FuinUW9PWEbxuIV3nXcztBjL7POqABM=", "last_login": "2016-07-12T20:09:24Z", "is_superuser": false, "username": "Employe", "first_name": "Emp", "last_name": "Loy\u00e9", "email": "employe@visualexp.com", "is_staff": true, "is_active": true, "date_joined": "2016-07-12T18:40:21Z", "groups": [2], "user_permissions": []}}, {"model": "auth.user", "pk": 4, "fields": {"password": "pbkdf2_sha256$24000$buVPvnPJuZ6s$ohrAMJGOQlcnsS6JvSYecWsiSwTwxzfozkdlbXLEW7U=", "last_login": null, "is_superuser": false, "username": "Mathieu", "first_name": "Mathieu", "last_name": "Lemaire", "email": "lemaire.mathieu79@gmail.com", "is_staff": true, "is_active": true, "date_joined": "2016-07-27T13:34:46Z", "groups": [2], "user_permissions": []}}, {"model": "visualAdmin.visualuser", "pk": 4, "fields": {"user": 2, "telephone": "0609090909"}}, {"model": "visualAdmin.visualuser", "pk": 5, "fields": {"user": 3, "telephone": "0299887766"}}, {"model": "visualAdmin.visualuser", "pk": 6, "fields": {"user": 4, "telephone": "0648248143"}}, {"model": "visualAdmin.task", "pk": 1, "fields": {"exposition": 6, "start_date": "2016-07-28T07:16:59Z", "end_date": "2016-07-28T16:00:00Z", "name": "Accrocher les oeuvres", "description": "Accrocher les oeuvres", "is_completed": false, "users": [1]}}, {"model": "admin.logentry", "pk": 1, "fields": {"action_time": "2016-07-25T10:18:28Z", "user": 1, "content_type": 14, "object_id": "1", "object_repr": "Test Artiste", "action_flag": 1, "change_message": "Ajout."}}, {"model": "admin.logentry", "pk": 2, "fields": {"action_time": "2016-07-25T10:19:08Z", "user": 1, "content_type": 14, "object_id": "1", "object_repr": "John Lee", "action_flag": 2, "change_message": "Modification de first_name et last_name."}}, {"model": "admin.logentry", "pk": 3, "fields": {"action_time": "2016-07-25T10:20:22Z", "user": 1, "content_type": 14, "object_id": "1", "object_repr": "John Lee", "action_flag": 2, "change_message": "Modification de description."}}, {"model": "admin.logentry", "pk": 4, "fields": {"action_time": "2016-07-25T10:23:52Z", "user": 1, "content_type": 8, "object_id": "1", "object_repr": "test", "action_flag": 1, "change_message": "Ajout."}}, {"model": "admin.logentry", "pk": 5, "fields": {"action_time": "2016-07-25T10:28:05Z", "user": 1, "content_type": 16, "object_id": "1", "object_repr": "rrr", "action_flag": 1, "change_message": "Ajout."}}, {"model": "admin.logentry", "pk": 6, "fields": {"action_time": "2016-07-25T13:21:44Z", "user": 1, "content_type": 13, "object_id": "1", "object_repr": "test", "action_flag": 1, "change_message": "Ajout."}}, {"model": "admin.logentry", "pk": 7, "fields": {"action_time": "2016-07-25T13:22:21Z", "user": 1, "content_type": 16, "object_id": "1", "object_repr": "", "action_flag": 3, "change_message": ""}}, {"model": "admin.logentry", "pk": 8, "fields": {"action_time": "2016-07-25T13:22:30Z", "user": 1, "content_type": 16, "object_id": "2", "object_repr": "tes", "action_flag": 1, "change_message": "Ajout."}}, {"model": "admin.logentry", "pk": 9, "fields": {"action_time": "2016-07-25T14:19:52Z", "user": 1, "content_type": 16, "object_id": "3", "object_repr": "poitierstours", "action_flag": 1, "change_message": "Ajout."}}, {"model": "admin.logentry", "pk": 10, "fields": {"action_time": "2016-07-25T14:20:28Z", "user": 1, "content_type": 16, "object_id": "4", "object_repr": "Test 3", "action_flag": 1, "change_message": "Ajout."}}, {"model": "admin.logentry", "pk": 11, "fields": {"action_time": "2016-07-25T14:28:41Z", "user": 1, "content_type": 11, "object_id": "2", "object_repr": "oeuvre 2", "action_flag": 1, "change_message": "Ajout."}}, {"model": "admin.logentry", "pk": 12, "fields": {"action_time": "2016-07-25T14:29:16Z", "user": 1, "content_type": 14, "object_id": "2", "object_repr": "doeeeeeee", "action_flag": 1, "change_message": "Ajout."}}, {"model": "admin.logentry", "pk": 13, "fields": {"action_time": "2016-07-25T14:30:41Z", "user": 1, "content_type": 12, "object_id": "3", "object_repr": "image test", "action_flag": 1, "change_message": "Ajout."}}, {"model": "admin.logentry", "pk": 14, "fields": {"action_time": "2016-07-25T15:20:49Z", "user": 1, "content_type": 16, "object_id": "5", "object_repr": "test021", "action_flag": 1, "change_message": "Ajout."}}, {"model": "admin.logentry", "pk": 15, "fields": {"action_time": "2016-07-26T18:25:25Z", "user": 1, "content_type": 14, "object_id": "3", "object_repr": "Dup", "action_flag": 1, "change_message": "Ajout."}}, {"model": "admin.logentry", "pk": 16, "fields": {"action_time": "2016-07-26T18:26:36Z", "user": 1, "content_type": 14, "object_id": "4", "object_repr": "King", "action_flag": 1, "change_message": "Ajout."}}, {"model": "admin.logentry", "pk": 17, "fields": {"action_time": "2016-07-26T18:28:23Z", "user": 1, "content_type": 14, "object_id": "5", "object_repr": "Jo", "action_flag": 1, "change_message": "Ajout."}}, {"model": "admin.logentry", "pk": 18, "fields": {"action_time": "2016-07-26T18:29:12Z", "user": 1, "content_type": 16, "object_id": "5", "object_repr": "test021", "action_flag": 3, "change_message": ""}}, {"model": "admin.logentry", "pk": 19, "fields": {"action_time": "2016-07-26T18:29:21Z", "user": 1, "content_type": 16, "object_id": "4", "object_repr": "Test 3", "action_flag": 3, "change_message": ""}}, {"model": "admin.logentry", "pk": 20, "fields": {"action_time": "2016-07-26T18:29:29Z", "user": 1, "content_type": 16, "object_id": "2", "object_repr": "tes", "action_flag": 3, "change_message": ""}}, {"model": "admin.logentry", "pk": 21, "fields": {"action_time": "2016-07-26T18:30:42Z", "user": 1, "content_type": 16, "object_id": "3", "object_repr": "poitierstours", "action_flag": 3, "change_message": ""}}, {"model": "admin.logentry", "pk": 22, "fields": {"action_time": "2016-07-26T18:31:14Z", "user": 1, "content_type": 16, "object_id": "6", "object_repr": "Soutenance", "action_flag": 1, "change_message": "Ajout."}}, {"model": "admin.logentry", "pk": 23, "fields": {"action_time": "2016-07-26T18:32:01Z", "user": 1, "content_type": 16, "object_id": "7", "object_repr": "Before", "action_flag": 1, "change_message": "Ajout."}}, {"model": "admin.logentry", "pk": 24, "fields": {"action_time": "2016-07-26T18:32:43Z", "user": 1, "content_type": 16, "object_id": "8", "object_repr": "After", "action_flag": 1, "change_message": "Ajout."}}, {"model": "admin.logentry", "pk": 25, "fields": {"action_time": "2016-07-26T18:33:35Z", "user": 1, "content_type": 16, "object_id": "9", "object_repr": "GalleriePoitiers", "action_flag": 1, "change_message": "Ajout."}}, {"model": "admin.logentry", "pk": 26, "fields": {"action_time": "2016-07-26T18:34:25Z", "user": 1, "content_type": 16, "object_id": "10", "object_repr": "GallerieVienne", "action_flag": 1, "change_message": "Ajout."}}, {"model": "admin.logentry", "pk": 27, "fields": {"action_time": "2016-07-26T18:36:29Z", "user": 1, "content_type": 16, "object_id": "11", "object_repr": "VienneArt", "action_flag": 1, "change_message": "Ajout."}}, {"model": "admin.logentry", "pk": 28, "fields": {"action_time": "2016-07-26T18:37:14Z", "user": 1, "content_type": 16, "object_id": "12", "object_repr": "PoitiersArt", "action_flag": 1, "change_message": "Ajout."}}, {"model": "admin.logentry", "pk": 29, "fields": {"action_time": "2016-07-26T18:38:11Z", "user": 1, "content_type": 16, "object_id": "13", "object_repr": "Futuroscope", "action_flag": 1, "change_message": "Ajout."}}, {"model": "admin.logentry", "pk": 30, "fields": {"action_time": "2016-07-26T18:38:56Z", "user": 1, "content_type": 16, "object_id": "14", "object_repr": "Parc des arts", "action_flag": 1, "change_message": "Ajout."}}, {"model": "admin.logentry", "pk": 31, "fields": {"action_time": "2016-07-26T18:43:17Z", "user": 1, "content_type": 16, "object_id": "15", "object_repr": "Color GrandAngle", "action_flag": 1, "change_message": "Ajout."}}, {"model": "admin.logentry", "pk": 32, "fields": {"action_time": "2016-07-26T18:45:44Z", "user": 1, "content_type": 16, "object_id": "16", "object_repr": "Django Expo", "action_flag": 1, "change_message": "Ajout."}}, {"model": "admin.logentry", "pk": 33, "fields": {"action_time": "2016-07-26T18:49:54Z", "user": 1, "content_type": 16, "object_id": "17", "object_repr": "VisualExp", "action_flag": 1, "change_message": "Ajout."}}, {"model": "admin.logentry", "pk": 34, "fields": {"action_time": "2016-07-26T18:50:27Z", "user": 1, "content_type": 16, "object_id": "18", "object_repr": "Visual", "action_flag": 1, "change_message": "Ajout."}}, {"model": "admin.logentry", "pk": 35, "fields": {"action_time": "2016-07-26T18:51:10Z", "user": 1, "content_type": 16, "object_id": "19", "object_repr": "Expo de mars", "action_flag": 1, "change_message": "Ajout."}}, {"model": "admin.logentry", "pk": 36, "fields": {"action_time": "2016-07-26T18:52:26Z", "user": 1, "content_type": 16, "object_id": "20", "object_repr": "EncoreExpo", "action_flag": 1, "change_message": "Ajout."}}, {"model": "admin.logentry", "pk": 37, "fields": {"action_time": "2016-07-26T18:53:02Z", "user": 1, "content_type": 16, "object_id": "21", "object_repr": "M6 Expo", "action_flag": 1, "change_message": "Ajout."}}, {"model": "admin.logentry", "pk": 38, "fields": {"action_time": "2016-07-26T18:55:12Z", "user": 1, "content_type": 12, "object_id": "4", "object_repr": "R\u00e9volution", "action_flag": 1, "change_message": "Ajout."}}, {"model": "admin.logentry", "pk": 39, "fields": {"action_time": "2016-07-26T18:56:06Z", "user": 1, "content_type": 13, "object_id": "5", "object_repr": "Musique", "action_flag": 1, "change_message": "Ajout."}}, {"model": "admin.logentry", "pk": 40, "fields": {"action_time": "2016-07-26T18:56:46Z", "user": 1, "content_type": 11, "object_id": "6", "object_repr": "Film", "action_flag": 1, "change_message": "Ajout."}}, {"model": "admin.logentry", "pk": 41, "fields": {"action_time": "2016-07-26T18:57:28Z", "user": 1, "content_type": 11, "object_id": "7", "object_repr": "Lucy", "action_flag": 1, "change_message": "Ajout."}}, {"model": "admin.logentry", "pk": 42, "fields": {"action_time": "2016-07-26T18:58:25Z", "user": 1, "content_type": 11, "object_id": "8", "object_repr": "Ninja Turtles", "action_flag": 1, "change_message": "Ajout."}}, {"model": "admin.logentry", "pk": 43, "fields": {"action_time": "2016-07-26T18:59:44Z", "user": 1, "content_type": 13, "object_id": "9", "object_repr": "Son 2", "action_flag": 1, "change_message": "Ajout."}}, {"model": "admin.logentry", "pk": 44, "fields": {"action_time": "2016-07-26T19:00:17Z", "user": 1, "content_type": 13, "object_id": "10", "object_repr": "Son 3", "action_flag": 1, "change_message": "Ajout."}}, {"model": "admin.logentry", "pk": 45, "fields": {"action_time": "2016-07-26T19:00:56Z", "user": 1, "content_type": 12, "object_id": "11", "object_repr": "Image 4", "action_flag": 1, "change_message": "Ajout."}}, {"model": "admin.logentry", "pk": 46, "fields": {"action_time": "2016-07-26T19:01:47Z", "user": 1, "content_type": 14, "object_id": "6", "object_repr": "P1", "action_flag": 1, "change_message": "Ajout."}}, {"model": "admin.logentry", "pk": 47, "fields": {"action_time": "2016-07-26T19:02:02Z", "user": 1, "content_type": 12, "object_id": "12", "object_repr": "Image 5", "action_flag": 1, "change_message": "Ajout."}}, {"model": "admin.logentry", "pk": 48, "fields": {"action_time": "2016-07-26T19:02:29Z", "user": 1, "content_type": 12, "object_id": "13", "object_repr": "Image 6", "action_flag": 1, "change_message": "Ajout."}}, {"model": "admin.logentry", "pk": 49, "fields": {"action_time": "2016-07-26T19:03:08Z", "user": 1, "content_type": 14, "object_id": "7", "object_repr": "C1", "action_flag": 1, "change_message": "Ajout."}}, {"model": "admin.logentry", "pk": 50, "fields": {"action_time": "2016-07-26T19:03:28Z", "user": 1, "content_type": 13, "object_id": "14", "object_repr": "Son 4", "action_flag": 1, "change_message": "Ajout."}}, {"model": "admin.logentry", "pk": 51, "fields": {"action_time": "2016-07-26T19:04:27Z", "user": 1, "content_type": 11, "object_id": "15", "object_repr": "Video 2", "action_flag": 1, "change_message": "Ajout."}}, {"model": "admin.logentry", "pk": 52, "fields": {"action_time": "2016-07-26T19:04:55Z", "user": 1, "content_type": 11, "object_id": "16", "object_repr": "Video 3", "action_flag": 1, "change_message": "Ajout."}}, {"model": "admin.logentry", "pk": 53, "fields": {"action_time": "2016-07-26T19:09:38Z", "user": 1, "content_type": 12, "object_id": "17", "object_repr": "VisualPicture", "action_flag": 1, "change_message": "Ajout."}}, {"model": "admin.logentry", "pk": 54, "fields": {"action_time": "2016-07-26T19:13:50Z", "user": 1, "content_type": 18, "object_id": "1", "object_repr": "Soutenance - Image 4", "action_flag": 1, "change_message": "Ajout."}}, {"model": "admin.logentry", "pk": 55, "fields": {"action_time": "2016-07-27T13:34:46Z", "user": 1, "content_type": 4, "object_id": "4", "object_repr": "Mathieu", "action_flag": 1, "change_message": "Ajout."}}, {"model": "admin.logentry", "pk": 56, "fields": {"action_time": "2016-07-27T13:36:32Z", "user": 2, "content_type": 4, "object_id": "4", "object_repr": "Mathieu", "action_flag": 2, "change_message": "Modification de first_name, last_name, email et groups. Utilisateur \u00ab\u00a0MathieuLemaire\u00a0\u00bb ajout\u00e9."}}, {"model": "admin.logentry", "pk": 57, "fields": {"action_time": "2016-07-28T07:17:12Z", "user": 1, "content_type": 19, "object_id": "1", "object_repr": "Accrocher les oeuvres", "action_flag": 1, "change_message": "Ajout."}}, {"model": "dashboard.dashboardpreferences", "pk": 1, "fields": {"user": 1, "data": "{\"positions\":[\"module_2\",\"module_3\",\"module_4\",\"module_5\"],\"columns\":[2,2,1],\"disabled\":{},\"collapsed\":{\"module_5\":false,\"module_2\":false,\"module_3\":false,\"module_4\":false,\"module_6\":false}}", "dashboard_id": "dashboard"}}, {"model": "dashboard.dashboardpreferences", "pk": 2, "fields": {"user": 1, "data": "{}", "dashboard_id": "visualadmin-dashboard"}}, {"model": "dashboard.dashboardpreferences", "pk": 3, "fields": {"user": 1, "data": "{}", "dashboard_id": "authentification-et-autorisation-dashboard"}}, {"model": "dashboard.dashboardpreferences", "pk": 4, "fields": {"user": 2, "data": "{}", "dashboard_id": "dashboard"}}]