[{"model": "dashboard.dashboardpreferences", "pk": 1, "fields": {"user": 1, "data": "{\"positions\":[\"module_2\",\"module_3\",\"module_4\",\"module_5\"],\"columns\":[2,2,1],\"disabled\":{},\"collapsed\":{\"module_5\":false,\"module_2\":false,\"module_3\":false,\"module_4\":false,\"module_6\":false}}", "dashboard_id": "dashboard"}}, {"model": "dashboard.dashboardpreferences", "pk": 2, "fields": {"user": 1, "data": "{}", "dashboard_id": "visualadmin-dashboard"}}, {"model": "dashboard.dashboardpreferences", "pk": 3, "fields": {"user": 1, "data": "{}", "dashboard_id": "authentification-et-autorisation-dashboard"}}, {"model": "dashboard.dashboardpreferences", "pk": 4, "fields": {"user": 2, "data": "{}", "dashboard_id": "dashboard"}}, {"model": "contenttypes.contenttype", "pk": 1, "fields": {"app_label": "admin", "model": "logentry"}}, {"model": "contenttypes.contenttype", "pk": 2, "fields": {"app_label": "auth", "model": "permission"}}, {"model": "contenttypes.contenttype", "pk": 3, "fields": {"app_label": "auth", "model": "group"}}, {"model": "contenttypes.contenttype", "pk": 4, "fields": {"app_label": "auth", "model": "user"}}, {"model": "contenttypes.contenttype", "pk": 5, "fields": {"app_label": "contenttypes", "model": "contenttype"}}, {"model": "contenttypes.contenttype", "pk": 6, "fields": {"app_label": "sessions", "model": "session"}}, {"model": "contenttypes.contenttype", "pk": 7, "fields": {"app_label": "visualAdmin", "model": "tagtranslation"}}, {"model": "contenttypes.contenttype", "pk": 8, "fields": {"app_label": "visualAdmin", "model": "tag"}}, {"model": "contenttypes.contenttype", "pk": 9, "fields": {"app_label": "visualAdmin", "model": "artworktranslation"}}, {"model": "contenttypes.contenttype", "pk": 10, "fields": {"app_label": "visualAdmin", "model": "artwork"}}, {"model": "contenttypes.contenttype", "pk": 11, "fields": {"app_label": "visualAdmin", "model": "videoartwork"}}, {"model": "contenttypes.contenttype", "pk": 12, "fields": {"app_label": "visualAdmin", "model": "imageartwork"}}, {"model": "contenttypes.contenttype", "pk": 13, "fields": {"app_label": "visualAdmin", "model": "soundartwork"}}, {"model": "contenttypes.contenttype", "pk": 14, "fields": {"app_label": "visualAdmin", "model": "artist"}}, {"model": "contenttypes.contenttype", "pk": 15, "fields": {"app_label": "visualAdmin", "model": "expositiontranslation"}}, {"model": "contenttypes.contenttype", "pk": 16, "fields": {"app_label": "visualAdmin", "model": "exposition"}}, {"model": "contenttypes.contenttype", "pk": 18, "fields": {"app_label": "visualAdmin", "model": "display"}}, {"model": "contenttypes.contenttype", "pk": 19, "fields": {"app_label": "visualAdmin", "model": "task"}}, {"model": "contenttypes.contenttype", "pk": 20, "fields": {"app_label": "visualAdmin", "model": "visualuser"}}, {"model": "contenttypes.contenttype", "pk": 21, "fields": {"app_label": "visualAdmin", "model": "artisttranslation"}}, {"model": "contenttypes.contenttype", "pk": 22, "fields": {"app_label": "menu", "model": "bookmark"}}, {"model": "contenttypes.contenttype", "pk": 23, "fields": {"app_label": "dashboard", "model": "dashboardpreferences"}}, {"model": "contenttypes.contenttype", "pk": 24, "fields": {"app_label": "sites", "model": "site"}}, {"model": "sessions.session", "pk": "1yie5l1y42ehb5vpsp3dn37dsla7ypqt", "fields": {"session_data": "OGYyMTQ5M2E5MWMzMGJjZDFjMmZmM2QzYTRmMjVlMjlhMDViZDNhZDp7Il9hdXRoX3VzZXJfaGFzaCI6IjdkOWY2N2NkNzgzNTI1N2Y1OTQzOWYzMjkxNjJkNzU2Mjc5OWQ2ZGIiLCJfYXV0aF91c2VyX2lkIjoiMSIsIl9hdXRoX3VzZXJfYmFja2VuZCI6ImRqYW5nby5jb250cmliLmF1dGguYmFja2VuZHMuTW9kZWxCYWNrZW5kIn0=", "expire_date": "2016-08-10T14:40:36Z"}}, {"model": "sessions.session", "pk": "j314jow44quqcv18nn3d26nik806otau", "fields": {"session_data": "OGYyMTQ5M2E5MWMzMGJjZDFjMmZmM2QzYTRmMjVlMjlhMDViZDNhZDp7Il9hdXRoX3VzZXJfaGFzaCI6IjdkOWY2N2NkNzgzNTI1N2Y1OTQzOWYzMjkxNjJkNzU2Mjc5OWQ2ZGIiLCJfYXV0aF91c2VyX2lkIjoiMSIsIl9hdXRoX3VzZXJfYmFja2VuZCI6ImRqYW5nby5jb250cmliLmF1dGguYmFja2VuZHMuTW9kZWxCYWNrZW5kIn0=", "expire_date": "2016-08-08T15:07:08Z"}}, {"model": "sessions.session", "pk": "k2mbel51sa3h61kgu4w995sz12ct41pl", "fields": {"session_data": "OGYyMTQ5M2E5MWMzMGJjZDFjMmZmM2QzYTRmMjVlMjlhMDViZDNhZDp7Il9hdXRoX3VzZXJfaGFzaCI6IjdkOWY2N2NkNzgzNTI1N2Y1OTQzOWYzMjkxNjJkNzU2Mjc5OWQ2ZGIiLCJfYXV0aF91c2VyX2lkIjoiMSIsIl9hdXRoX3VzZXJfYmFja2VuZCI6ImRqYW5nby5jb250cmliLmF1dGguYmFja2VuZHMuTW9kZWxCYWNrZW5kIn0=", "expire_date": "2016-07-26T20:28:35Z"}}, {"model": "sessions.session", "pk": "qy0ksfcs4ht7by3vrrlr0gd81f2i3f2h", "fields": {"session_data": "MDY2OWFmZWE2NDA4MjE4OGQwZDM4YmU4ODdjMDI4NTI0YTg1MzljNTp7Il9hdXRoX3VzZXJfaWQiOiIxIiwiX2F1dGhfdXNlcl9iYWNrZW5kIjoiZGphbmdvLmNvbnRyaWIuYXV0aC5iYWNrZW5kcy5Nb2RlbEJhY2tlbmQiLCJfbGFuZ3VhZ2UiOiJkZSIsIl9hdXRoX3VzZXJfaGFzaCI6IjdkOWY2N2NkNzgzNTI1N2Y1OTQzOWYzMjkxNjJkNzU2Mjc5OWQ2ZGIifQ==", "expire_date": "2016-08-11T07:19:37Z"}}, {"model": "sessions.session", "pk": "sss0yovmpgmo6u8wx60857cwolsy7bel", "fields": {"session_data": "ZDk2ZDg2ZDNhZWQ3M2NhMTI2N2FkNDg4N2U1ZDkxYzJlNGQwN2U0NDp7Il9hdXRoX3VzZXJfaGFzaCI6IjdkOWY2N2NkNzgzNTI1N2Y1OTQzOWYzMjkxNjJkNzU2Mjc5OWQ2ZGIiLCJfYXV0aF91c2VyX2JhY2tlbmQiOiJkamFuZ28uY29udHJpYi5hdXRoLmJhY2tlbmRzLk1vZGVsQmFja2VuZCIsIl9hdXRoX3VzZXJfaWQiOiIxIn0=", "expire_date": "2016-08-10T13:40:29Z"}}, {"model": "visualAdmin.tagtranslation", "pk": 1, "fields": {"language_code": "fr", "name": "test", "description": "t'est", "master": 1}}, {"model": "visualAdmin.tag", "pk": 1, "fields": {}}, {"model": "visualAdmin.artisttranslation", "pk": 1, "fields": {"language_code": "fr", "description": "", "master": 1}}, {"model": "visualAdmin.artisttranslation", "pk": 2, "fields": {"language_code": "en", "description": "<p>English Bio</p>", "master": 1}}, {"model": "visualAdmin.artisttranslation", "pk": 3, "fields": {"language_code": "fr", "description": "<p>fefef</p>", "master": 2}}, {"model": "visualAdmin.artisttranslation", "pk": 4, "fields": {"language_code": "fr", "description": "<p>Lorem ipsum dolor sit amet, consectetur adipiscing elit, sed do eiusmod tempor incididunt ut labore et dolore magna aliqua. Ut enim ad minim veniam, quis nostrud exercitation ullamco laboris nisi ut aliquip ex ea commodo consequat. Duis aute irure dolor in reprehenderit in voluptate velit esse cillum dolore eu fugiat nulla pariatur. Excepteur sint occaecat cupidatat non proident, sunt in culpa qui officia deserunt mollit anim id est laborum.</p>", "master": 3}}, {"model": "visualAdmin.artisttranslation", "pk": 5, "fields": {"language_code": "fr", "description": "<p>Lorem ipsum dolor sit amet, consectetur adipiscing elit, sed do eiusmod tempor incididunt ut labore et dolore magna aliqua. Ut enim ad minim veniam, quis nostrud exercitation ullamco laboris nisi ut aliquip ex ea commodo consequat. Duis aute irure dolor in reprehenderit in voluptate velit esse cillum dolore eu fugiat nulla pariatur. Excepteur sint occaecat cupidatat non proident, sunt in culpa qui officia deserunt mollit anim id est laborum.</p>", "master": 4}}, {"model": "visualAdmin.artisttranslation", "pk": 6, "fields": {"language_code": "fr", "description": "<p>Lorem ipsum dolor sit amet, consectetur adipiscing elit, sed do eiusmod tempor incididunt ut labore et dolore magna aliqua. Ut enim ad minim veniam, quis nostrud exercitation ullamco laboris nisi ut aliquip ex ea commodo consequat. Duis aute irure dolor in reprehenderit in voluptate velit esse cillum dolore eu fugiat nulla pariatur. Excepteur sint occaecat cupidatat non proident, sunt in culpa qui officia deserunt mollit anim id est laborum.</p>", "master": 5}}, {"model": "visualAdmin.artisttranslation", "pk": 7, "fields": {"language_code": "fr", "description": "<p>Lorem ipsum dolor sit amet, consectetur adipiscing elit, sed do eiusmod tempor incididunt ut labore et dolore magna aliqua. Ut enim ad minim veniam, quis nostrud exercitation ullamco laboris nisi ut aliquip ex ea commodo consequat. Duis aute irure dolor in reprehenderit in voluptate velit esse cillum dolore eu fugiat nulla pariatur. Excepteur sint occaecat cupidatat non proident, sunt in culpa qui officia deserunt mollit anim id est laborum.</p>", "master": 6}}, {"model": "visualAdmin.artisttranslation", "pk": 8, "fields": {"language_code": "fr", "description": "<p>Lorem ipsum dolor sit amet, consectetur adipiscing elit, sed do eiusmod tempor incididunt ut labore et dolore magna aliqua. Ut enim ad minim veniam, quis nostrud exercitation ullamco laboris nisi ut aliquip ex ea commodo consequat. Duis aute irure dolor in reprehenderit in voluptate velit esse cillum dolore eu fugiat nulla pariatur. Excepteur sint occaecat cupidatat non proident, sunt in culpa qui officia deserunt mollit anim id est laborum.Lorem ipsum dolor sit amet, consectetur adipiscing elit, sed do eiusmod tempor incididunt ut labore et dolore magna aliqua. Ut enim ad minim veniam, quis nostrud exercitation ullamco laboris nisi ut aliquip ex ea commodo consequat. Duis aute irure dolor in reprehenderit in voluptate velit esse cillum dolore eu fugiat nulla pariatur. Excepteur sint occaecat cupidatat non proident, sunt in culpa qui officia deserunt mollit anim id est laborum.</p>", "master": 7}}, {"model": "visualAdmin.artist", "pk": 1, "fields": {"first_name": "John", "last_name": "Lee", "stage_name": "", "birth_date": null, "photo": "", "tags": []}}, {"model": "visualAdmin.artist", "pk": 2, "fields": {"first_name": "John", "last_name": "Doe", "stage_name": "doeeeeeee", "birth_date": "2016-07-25", "photo": "", "tags": []}}, {"model": "visualAdmin.artist", "pk": 3, "fields": {"first_name": "Martin", "last_name": "Dupond", "stage_name": "Dup", "birth_date": "1956-01-25", "photo": "image/artiste.jpg", "tags": []}}, {"model": "visualAdmin.artist", "pk": 4, "fields": {"first_name": "Luther", "last_name": "King", "stage_name": "King", "birth_date": "1965-06-02", "photo": "image/artiste_GkdjYJb.jpg", "tags": []}}, {"model": "visualAdmin.artist", "pk": 5, "fields": {"first_name": "John", "last_name": "Jones", "stage_name": "Jo", "birth_date": "1963-12-07", "photo": "image/artiste_5aixxIp.jpg", "tags": []}}, {"model": "visualAdmin.artist", "pk": 6, "fields": {"first_name": "Peintre", "last_name": "1", "stage_name": "P1", "birth_date": "2016-07-26", "photo": "image/artiste_htdy8V8.jpg", "tags": []}}, {"model": "visualAdmin.artist", "pk": 7, "fields": {"first_name": "Chanteur", "last_name": "1", "stage_name": "C1", "birth_date": "2016-07-26", "photo": "image/artiste_xsnERBj.jpg", "tags": []}}, {"model": "visualAdmin.artworktranslation", "pk": 1, "fields": {"language_code": "fr", "title": "test", "description": "", "master": 1}}, {"model": "visualAdmin.artworktranslation", "pk": 2, "fields": {"language_code": "fr", "title": "oeuvre 2", "description": "test", "master": 2}}, {"model": "visualAdmin.artworktranslation", "pk": 3, "fields": {"language_code": "fr", "title": "image test", "description": "azef", "master": 3}}, {"model": "visualAdmin.artworktranslation", "pk": 4, "fields": {"language_code": "fr", "title": "R\u00e9volution", "description": "Lorem ipsum dolor sit amet, consectetur adipiscing elit, sed do eiusmod tempor incididunt ut labore et dolore magna aliqua. Ut enim ad minim veniam, quis nostrud exercitation ullamco laboris nisi ut aliquip ex ea commodo consequat. Duis aute irure dolor in reprehenderit in voluptate velit esse cillum dolore eu fugiat nulla pariatur. Excepteur sint occaecat cupidatat non proident, sunt in culpa qui officia deserunt mollit anim id est laborum.Lorem ipsum dolor sit amet, consectetur adipiscing elit, sed do eiusmod tempor incididunt ut labore et dolore magna aliqua. Ut enim ad minim veniam, quis nostrud exercitation ullamco laboris nisi ut aliquip ex ea commodo consequat. Duis aute irure dolor in reprehenderit in voluptate velit esse cillum dolore eu fugiat nulla pariatur. Excepteur sint occaecat cupidatat non proident, sunt in culpa qui officia deserunt mollit anim id est laborum.", "master": 4}}, {"model": "visualAdmin.artworktranslation", "pk": 5, "fields": {"language_code": "fr", "title": "Musique", "description": "<p>Lorem ipsum dolor sit amet, consectetur adipiscing elit, sed do eiusmod tempor incididunt ut labore et dolore magna aliqua. Ut enim ad minim veniam, quis nostrud exercitation ullamco laboris nisi ut aliquip ex ea commodo consequat. Duis aute irure dolor in reprehenderit in voluptate velit esse cillum dolore eu fugiat nulla pariatur. Excepteur sint occaecat cupidatat non proident, sunt in culpa qui officia deserunt mollit anim id est laborum.Lorem ipsum dolor sit amet, consectetur adipiscing elit, sed do eiusmod tempor incididunt ut labore et dolore magna aliqua. Ut enim ad minim veniam, quis nostrud exercitation ullamco laboris nisi ut aliquip ex ea commodo consequat. Duis aute irure dolor in reprehenderit in voluptate velit esse cillum dolore eu fugiat nulla pariatur. Excepteur sint occaecat cupidatat non proident, sunt in culpa qui officia deserunt mollit anim id est laborum.</p>", "master": 5}}, {"model": "visualAdmin.artworktranslation", "pk": 6, "fields": {"language_code": "fr", "title": "Film", "description": "Lorem ipsum dolor sit amet, consectetur adipiscing elit, sed do eiusmod tempor incididunt ut labore et dolore magna aliqua. Ut enim ad minim veniam, quis nostrud exercitation ullamco laboris nisi ut aliquip ex ea commodo consequat. Duis aute irure dolor in reprehenderit in voluptate velit esse cillum dolore eu fugiat nulla pariatur. Excepteur sint occaecat cupidatat non proident, sunt in culpa qui officia deserunt mollit anim id est laborum.Lorem ipsum dolor sit amet, consectetur adipiscing elit, sed do eiusmod tempor incididunt ut labore et dolore magna aliqua. Ut enim ad minim veniam, quis nostrud exercitation ullamco laboris nisi ut aliquip ex ea commodo consequat. Duis aute irure dolor in reprehenderit in voluptate velit esse cillum dolore eu fugiat nulla pariatur. Excepteur sint occaecat cupidatat non proident, sunt in culpa qui officia deserunt mollit anim id est laborum.", "master": 6}}, {"model": "visualAdmin.artworktranslation", "pk": 7, "fields": {"language_code": "fr", "title": "Lucy", "description": "Lorem ipsum dolor sit amet, consectetur adipiscing elit, sed do eiusmod tempor incididunt ut labore et dolore magna aliqua. Ut enim ad minim veniam, quis nostrud exercitation ullamco laboris nisi ut aliquip ex ea commodo consequat. Duis aute irure dolor in reprehenderit in voluptate velit esse cillum dolore eu fugiat nulla pariatur. Excepteur sint occaecat cupidatat non proident, sunt in culpa qui officia deserunt mollit anim id est laborum.Lorem ipsum dolor sit amet, consectetur adipiscing elit, sed do eiusmod tempor incididunt ut labore et dolore magna aliqua. Ut enim ad minim veniam, quis nostrud exercitation ullamco laboris nisi ut aliquip ex ea commodo consequat. Duis aute irure dolor in reprehenderit in voluptate velit esse cillum dolore eu fugiat nulla pariatur. Excepteur sint occaecat cupidatat non proident, sunt in culpa qui officia deserunt mollit anim id est laborum.", "master": 7}}, {"model": "visualAdmin.artworktranslation", "pk": 8, "fields": {"language_code": "fr", "title": "Ninja Turtles", "description": "Lorem ipsum dolor sit amet, consectetur adipiscing elit, sed do eiusmod tempor incididunt ut labore et dolore magna aliqua. Ut enim ad minim veniam, quis nostrud exercitation ullamco laboris nisi ut aliquip ex ea commodo consequat. Duis aute irure dolor in reprehenderit in voluptate velit esse cillum dolore eu fugiat nulla pariatur. Excepteur sint occaecat cupidatat non proident, sunt in culpa qui officia deserunt mollit anim id est laborum.Lorem ipsum dolor sit amet, consectetur adipiscing elit, sed do eiusmod tempor incididunt ut labore et dolore magna aliqua. Ut enim ad minim veniam, quis nostrud exercitation ullamco laboris nisi ut aliquip ex ea commodo consequat. Duis aute irure dolor in reprehenderit in voluptate velit esse cillum dolore eu fugiat nulla pariatur. Excepteur sint occaecat cupidatat non proident, sunt in culpa qui officia deserunt mollit anim id est laborum.", "master": 8}}, {"model": "visualAdmin.artworktranslation", "pk": 9, "fields": {"language_code": "fr", "title": "Son 2", "description": "<p>Lorem ipsum dolor sit amet, consectetur adipiscing elit, sed do eiusmod tempor incididunt ut labore et dolore magna aliqua. Ut enim ad minim veniam, quis nostrud exercitation ullamco laboris nisi ut aliquip ex ea commodo consequat. Duis aute irure dolor in reprehenderit in voluptate velit esse cillum dolore eu fugiat nulla pariatur. Excepteur sint occaecat cupidatat non proident, sunt in culpa qui officia deserunt mollit anim id est laborum.Lorem ipsum dolor sit amet, consectetur adipiscing elit, sed do eiusmod tempor incididunt ut labore et dolore magna aliqua. Ut enim ad minim veniam, quis nostrud exercitation ullamco laboris nisi ut aliquip ex ea commodo consequat. Duis aute irure dolor in reprehenderit in voluptate velit esse cillum dolore eu fugiat nulla pariatur. Excepteur sint occaecat cupidatat non proident, sunt in culpa qui officia deserunt mollit anim id est laborum.</p>", "master": 9}}, {"model": "visualAdmin.artworktranslation", "pk": 10, "fields": {"language_code": "fr", "title": "Son 3", "description": "<p>Lorem ipsum dolor sit amet, consectetur adipiscing elit, sed do eiusmod tempor incididunt ut labore et dolore magna aliqua. Ut enim ad minim veniam, quis nostrud exercitation ullamco laboris nisi ut aliquip ex ea commodo consequat. Duis aute irure dolor in reprehenderit in voluptate velit esse cillum dolore eu fugiat nulla pariatur. Excepteur sint occaecat cupidatat non proident, sunt in culpa qui officia deserunt mollit anim id est laborum.</p>", "master": 10}}, {"model": "visualAdmin.artworktranslation", "pk": 11, "fields": {"language_code": "fr", "title": "Image 4", "description": "Lorem ipsum dolor sit amet, consectetur adipiscing elit, sed do eiusmod tempor incididunt ut labore et dolore magna aliqua. Ut enim ad minim veniam, quis nostrud exercitation ullamco laboris nisi ut aliquip ex ea commodo consequat. Duis aute irure dolor in reprehenderit in voluptate velit esse cillum dolore eu fugiat nulla pariatur. Excepteur sint occaecat cupidatat non proident, sunt in culpa qui officia deserunt mollit anim id est laborum.Lorem ipsum dolor sit amet, consectetur adipiscing elit, sed do eiusmod tempor incididunt ut labore et dolore magna aliqua. Ut enim ad minim veniam, quis nostrud exercitation ullamco laboris nisi ut aliquip ex ea commodo consequat. Duis aute irure dolor in reprehenderit in voluptate velit esse cillum dolore eu fugiat nulla pariatur. Excepteur sint occaecat cupidatat non proident, sunt in culpa qui officia deserunt mollit anim id est laborum.", "master": 11}}, {"model": "visualAdmin.artworktranslation", "pk": 12, "fields": {"language_code": "fr", "title": "Image 5", "description": "Lorem ipsum dolor sit amet, consectetur adipiscing elit, sed do eiusmod tempor incididunt ut labore et dolore magna aliqua. Ut enim ad minim veniam, quis nostrud exercitation ullamco laboris nisi ut aliquip ex ea commodo consequat. Duis aute irure dolor in reprehenderit in voluptate velit esse cillum dolore eu fugiat nulla pariatur. Excepteur sint occaecat cupidatat non proident, sunt in culpa qui officia deserunt mollit anim id est laborum.Lorem ipsum dolor sit amet, consectetur adipiscing elit, sed do eiusmod tempor incididunt ut labore et dolore magna aliqua. Ut enim ad minim veniam, quis nostrud exercitation ullamco laboris nisi ut aliquip ex ea commodo consequat. Duis aute irure dolor in reprehenderit in voluptate velit esse cillum dolore eu fugiat nulla pariatur. Excepteur sint occaecat cupidatat non proident, sunt in culpa qui officia deserunt mollit anim id est laborum.", "master": 12}}, {"model": "visualAdmin.artworktranslation", "pk": 13, "fields": {"language_code": "fr", "title": "Image 6", "description": "Lorem ipsum dolor sit amet, consectetur adipiscing elit, sed do eiusmod tempor incididunt ut labore et dolore magna aliqua. Ut enim ad minim veniam, quis nostrud exercitation ullamco laboris nisi ut aliquip ex ea commodo consequat. Duis aute irure dolor in reprehenderit in voluptate velit esse cillum dolore eu fugiat nulla pariatur. Excepteur sint occaecat cupidatat non proident, sunt in culpa qui officia deserunt mollit anim id est laborum.Lorem ipsum dolor sit amet, consectetur adipiscing elit, sed do eiusmod tempor incididunt ut labore et dolore magna aliqua. Ut enim ad minim veniam, quis nostrud exercitation ullamco laboris nisi ut aliquip ex ea commodo consequat. Duis aute irure dolor in reprehenderit in voluptate velit esse cillum dolore eu fugiat nulla pariatur. Excepteur sint occaecat cupidatat non proident, sunt in culpa qui officia deserunt mollit anim id est laborum.", "master": 13}}, {"model": "visualAdmin.artworktranslation", "pk": 14, "fields": {"language_code": "fr", "title": "Son 4", "description": "<p>Lorem ipsum dolor sit amet, consectetur adipiscing elit, sed do eiusmod tempor incididunt ut labore et dolore magna aliqua. Ut enim ad minim veniam, quis nostrud exercitation ullamco laboris nisi ut aliquip ex ea commodo consequat. Duis aute irure dolor in reprehenderit in voluptate velit esse cillum dolore eu fugiat nulla pariatur. Excepteur sint occaecat cupidatat non proident, sunt in culpa qui officia deserunt mollit anim id est laborum.Lorem ipsum dolor sit amet, consectetur adipiscing elit, sed do eiusmod tempor incididunt ut labore et dolore magna aliqua. Ut enim ad minim veniam, quis nostrud exercitation ullamco laboris nisi ut aliquip ex ea commodo consequat. Duis aute irure dolor in reprehenderit in voluptate velit esse cillum dolore eu fugiat nulla pariatur. Excepteur sint occaecat cupidatat non proident, sunt in culpa qui officia deserunt mollit anim id est laborum.</p>", "master": 14}}, {"model": "visualAdmin.artworktranslation", "pk": 15, "fields": {"language_code": "fr", "title": "Video 2", "description": "Lorem ipsum dolor sit amet, consectetur adipiscing elit, sed do eiusmod tempor incididunt ut labore et dolore magna aliqua. Ut enim ad minim veniam, quis nostrud exercitation ullamco laboris nisi ut aliquip ex ea commodo consequat. Duis aute irure dolor in reprehenderit in voluptate velit esse cillum dolore eu fugiat nulla pariatur. Excepteur sint occaecat cupidatat non proident, sunt in culpa qui officia deserunt mollit anim id est laborum.Lorem ipsum dolor sit amet, consectetur adipiscing elit, sed do eiusmod tempor incididunt ut labore et dolore magna aliqua. Ut enim ad minim veniam, quis nostrud exercitation ullamco laboris nisi ut aliquip ex ea commodo consequat. Duis aute irure dolor in reprehenderit in voluptate velit esse cillum dolore eu fugiat nulla pariatur. Excepteur sint occaecat cupidatat non proident, sunt in culpa qui officia deserunt mollit anim id est laborum.", "master": 15}}, {"model": "visualAdmin.artworktranslation", "pk": 16, "fields": {"language_code": "fr", "title": "Video 3", "description": "Lorem ipsum dolor sit amet, consectetur adipiscing elit, sed do eiusmod tempor incididunt ut labore et dolore magna aliqua. Ut enim ad minim veniam, quis nostrud exercitation ullamco laboris nisi ut aliquip ex ea commodo consequat. Duis aute irure dolor in reprehenderit in voluptate velit esse cillum dolore eu fugiat nulla pariatur. Excepteur sint occaecat cupidatat non proident, sunt in culpa qui officia deserunt mollit anim id est laborum.Lorem ipsum dolor sit amet, consectetur adipiscing elit, sed do eiusmod tempor incididunt ut labore et dolore magna aliqua. Ut enim ad minim veniam, quis nostrud exercitation ullamco laboris nisi ut aliquip ex ea commodo consequat. Duis aute irure dolor in reprehenderit in voluptate velit esse cillum dolore eu fugiat nulla pariatur. Excepteur sint occaecat cupidatat non proident, sunt in culpa qui officia deserunt mollit anim id est laborum.", "master": 16}}, {"model": "visualAdmin.artworktranslation", "pk": 17, "fields": {"language_code": "fr", "title": "VisualPicture", "description": "Lorem ipsum dolor sit amet, consectetur adipiscing elit, sed do eiusmod tempor incididunt ut labore et dolore magna aliqua. Ut enim ad minim veniam, quis nostrud exercitation ullamco laboris nisi ut aliquip ex ea commodo consequat. Duis aute irure dolor in reprehenderit in voluptate velit esse cillum dolore eu fugiat nulla pariatur. Excepteur sint occaecat cupidatat non proident, sunt in culpa qui officia deserunt mollit anim id est laborum.Lorem ipsum dolor sit amet, consectetur adipiscing elit, sed do eiusmod tempor incididunt ut labore et dolore magna aliqua. Ut enim ad minim veniam, quis nostrud exercitation ullamco laboris nisi ut aliquip ex ea commodo consequat. Duis aute irure dolor in reprehenderit in voluptate velit esse cillum dolore eu fugiat nulla pariatur. Excepteur sint occaecat cupidatat non proident, sunt in culpa qui officia deserunt mollit anim id est laborum.", "master": 17}}, {"model": "visualAdmin.artwork", "pk": 1, "fields": {"polymorphic_ctype": 13, "publication_date": null, "artist": 1, "tags": []}}, {"model": "visualAdmin.artwork", "pk": 2, "fields": {"polymorphic_ctype": 11, "publication_date": "2016-07-25", "artist": 1, "tags": []}}, {"model": "visualAdmin.artwork", "pk": 3, "fields": {"polymorphic_ctype": 12, "publication_date": "2016-07-25", "artist": 2, "tags": []}}, {"model": "visualAdmin.artwork", "pk": 4, "fields": {"polymorphic_ctype": 12, "publication_date": "2016-03-18", "artist": 4, "tags": []}}, {"model": "visualAdmin.artwork", "pk": 5, "fields": {"polymorphic_ctype": 13, "publication_date": "1965-02-01", "artist": 5, "tags": []}}, {"model": "visualAdmin.artwork", "pk": 6, "fields": {"polymorphic_ctype": 11, "publication_date": "1989-08-02", "artist": 1, "tags": []}}, {"model": "visualAdmin.artwork", "pk": 7, "fields": {"polymorphic_ctype": 11, "publication_date": "2014-02-02", "artist": 2, "tags": []}}, {"model": "visualAdmin.artwork", "pk": 8, "fields": {"polymorphic_ctype": 11, "publication_date": "2000-09-23", "artist": 3, "tags": []}}, {"model": "visualAdmin.artwork", "pk": 9, "fields": {"polymorphic_ctype": 13, "publication_date": "1967-03-02", "artist": 1, "tags": []}}, {"model": "visualAdmin.artwork", "pk": 10, "fields": {"polymorphic_ctype": 13, "publication_date": "1875-06-01", "artist": 4, "tags": []}}, {"model": "visualAdmin.artwork", "pk": 11, "fields": {"polymorphic_ctype": 12, "publication_date": "1645-02-01", "artist": 1, "tags": []}}, {"model": "visualAdmin.artwork", "pk": 12, "fields": {"polymorphic_ctype": 12, "publication_date": "2016-07-26", "artist": 6, "tags": []}}, {"model": "visualAdmin.artwork", "pk": 13, "fields": {"polymorphic_ctype": 12, "publication_date": "2016-07-04", "artist": 6, "tags": []}}, {"model": "visualAdmin.artwork", "pk": 14, "fields": {"polymorphic_ctype": 13, "publication_date": "2016-07-09", "artist": 7, "tags": []}}, {"model": "visualAdmin.artwork", "pk": 15, "fields": {"polymorphic_ctype": 11, "publication_date": "2016-06-24", "artist": 3, "tags": []}}, {"model": "visualAdmin.artwork", "pk": 16, "fields": {"polymorphic_ctype": 11, "publication_date": "2016-05-12", "artist": 1, "tags": []}}, {"model": "visualAdmin.artwork", "pk": 17, "fields": {"polymorphic_ctype": 12, "publication_date": "2016-04-16", "artist": 6, "tags": []}}, {"model": "visualAdmin.videoartwork", "pk": 2, "fields": {"length": null, "file": "video/video.mkv", "tags": []}}, {"model": "visualAdmin.videoartwork", "pk": 6, "fields": {"length": 90, "file": "video/mov_bbb_f8p0msb.mp4", "tags": []}}, {"model": "visualAdmin.videoartwork", "pk": 7, "fields": {"length": 98, "file": "video/mov_bbb_F96gUAq.mp4", "tags": []}}, {"model": "visualAdmin.videoartwork", "pk": 8, "fields": {"length": 105, "file": "video/mov_bbb_4WZO6Ks.mp4", "tags": []}}, {"model": "visualAdmin.videoartwork", "pk": 15, "fields": {"length": 154, "file": "video/mov_bbb_DA5V3io.mp4", "tags": []}}, {"model": "visualAdmin.videoartwork", "pk": 16, "fields": {"length": 254, "file": "video/mov_bbb_pgbUk9R.mp4", "tags": []}}, {"model": "visualAdmin.imageartwork", "pk": 3, "fields": {"file": "image/jocombe.jpg", "tags": []}}, {"model": "visualAdmin.imageartwork", "pk": 4, "fields": {"file": "image/200px-La_gioconda_rLqW4Rg.jpg", "tags": []}}, {"model": "visualAdmin.imageartwork", "pk": 11, "fields": {"file": "image/200px-La_gioconda_KP3ja0d.jpg", "tags": []}}, {"model": "visualAdmin.imageartwork", "pk": 12, "fields": {"file": "image/200px-La_gioconda_wxeANla.jpg", "tags": []}}, {"model": "visualAdmin.imageartwork", "pk": 13, "fields": {"file": "image/200px-La_gioconda_Dp7mMJQ.jpg", "tags": []}}, {"model": "visualAdmin.imageartwork", "pk": 17, "fields": {"file": "image/200px-La_gioconda_wN5F7SR.jpg", "tags": []}}, {"model": "visualAdmin.soundartwork", "pk": 1, "fields": {"length": null, "file": "audio/test.mp3", "tags": []}}, {"model": "visualAdmin.soundartwork", "pk": 5, "fields": {"length": 60, "file": "audio/horse_eCQP9Aa.mp3", "tags": []}}, {"model": "visualAdmin.soundartwork", "pk": 9, "fields": {"length": 25, "file": "audio/horse_BCuljWz.mp3", "tags": []}}, {"model": "visualAdmin.soundartwork", "pk": 10, "fields": {"length": 24, "file": "audio/horse_Ho8LtkQ.mp3", "tags": []}}, {"model": "visualAdmin.soundartwork", "pk": 14, "fields": {"length": 36, "file": "audio/horse_UEQabKe.mp3", "tags": []}}, {"model": "visualAdmin.expositiontranslation", "pk": 6, "fields": {"language_code": "fr", "title": "Soutenance", "description": "<p>Lorem ipsum dolor sit amet, consectetur adipiscing elit, sed do eiusmod tempor incididunt ut labore et dolore magna aliqua. Ut enim ad minim veniam, quis nostrud exercitation ullamco laboris nisi ut aliquip ex ea commodo consequat. Duis aute irure dolor in reprehenderit in voluptate velit esse cillum dolore eu fugiat nulla pariatur. Excepteur sint occaecat cupidatat non proident, sunt in culpa qui officia deserunt mollit anim id est laborum.Lorem ipsum dolor sit amet, consectetur adipiscing elit, sed do eiusmod tempor incididunt ut labore et dolore magna aliqua. Ut enim ad minim veniam, quis nostrud exercitation ullamco laboris nisi ut aliquip ex ea commodo consequat. Duis aute irure dolor in reprehenderit in voluptate velit esse cillum dolore eu fugiat nulla pariatur. Excepteur sint occaecat cupidatat non proident, sunt in culpa qui officia deserunt mollit anim id est laborum.</p>", "master": 6}}, {"model": "visualAdmin.expositiontranslation", "pk": 7, "fields": {"language_code": "fr", "title": "Before", "description": "<p>Lorem ipsum dolor sit amet, consectetur adipiscing elit, sed do eiusmod tempor incididunt ut labore et dolore magna aliqua. Ut enim ad minim veniam, quis nostrud exercitation ullamco laboris nisi ut aliquip ex ea commodo consequat. Duis aute irure dolor in reprehenderit in voluptate velit esse cillum dolore eu fugiat nulla pariatur. Excepteur sint occaecat cupidatat non proident, sunt in culpa qui officia deserunt mollit anim id est laborum.</p>", "master": 7}}, {"model": "visualAdmin.expositiontranslation", "pk": 8, "fields": {"language_code": "fr", "title": "After", "description": "<p>Lorem ipsum dolor sit amet, consectetur adipiscing elit, sed do eiusmod tempor incididunt ut labore et dolore magna aliqua. Ut enim ad minim veniam, quis nostrud exercitation ullamco laboris nisi ut aliquip ex ea commodo consequat. Duis aute irure dolor in reprehenderit in voluptate velit esse cillum dolore eu fugiat nulla pariatur. Excepteur sint occaecat cupidatat non proident, sunt in culpa qui officia deserunt mollit anim id est laborum.</p>", "master": 8}}, {"model": "visualAdmin.expositiontranslation", "pk": 9, "fields": {"language_code": "fr", "title": "GalleriePoitiers", "description": "<p>Lorem ipsum dolor sit amet, consectetur adipiscing elit, sed do eiusmod tempor incididunt ut labore et dolore magna aliqua. Ut enim ad minim veniam, quis nostrud exercitation ullamco laboris nisi ut aliquip ex ea commodo consequat. Duis aute irure dolor in reprehenderit in voluptate velit esse cillum dolore eu fugiat nulla pariatur. Excepteur sint occaecat cupidatat non proident, sunt in culpa qui officia deserunt mollit anim id est laborum.</p>", "master": 9}}, {"model": "visualAdmin.expositiontranslation", "pk": 10, "fields": {"language_code": "fr", "title": "GallerieVienne", "description": "<p>Lorem ipsum dolor sit amet, consectetur adipiscing elit, sed do eiusmod tempor incididunt ut labore et dolore magna aliqua. Ut enim ad minim veniam, quis nostrud exercitation ullamco laboris nisi ut aliquip ex ea commodo consequat. Duis aute irure dolor in reprehenderit in voluptate velit esse cillum dolore eu fugiat nulla pariatur. Excepteur sint occaecat cupidatat non proident, sunt in culpa qui officia deserunt mollit anim id est laborum.</p>", "master": 10}}, {"model": "visualAdmin.expositiontranslation", "pk": 11, "fields": {"language_code": "fr", "title": "VienneArt", "description": "<p>Lorem ipsum dolor sit amet, consectetur adipiscing elit, sed do eiusmod tempor incididunt ut labore et dolore magna aliqua. Ut enim ad minim veniam, quis nostrud exercitation ullamco laboris nisi ut aliquip ex ea commodo consequat. Duis aute irure dolor in reprehenderit in voluptate velit esse cillum dolore eu fugiat nulla pariatur. Excepteur sint occaecat cupidatat non proident, sunt in culpa qui officia deserunt mollit anim id est laborum.</p>", "master": 11}}, {"model": "visualAdmin.expositiontranslation", "pk": 12, "fields": {"language_code": "fr", "title": "PoitiersArt", "description": "<p>Lorem ipsum dolor sit amet, consectetur adipiscing elit, sed do eiusmod tempor incididunt ut labore et dolore magna aliqua. Ut enim ad minim veniam, quis nostrud exercitation ullamco laboris nisi ut aliquip ex ea commodo consequat. Duis aute irure dolor in reprehenderit in voluptate velit esse cillum dolore eu fugiat nulla pariatur. Excepteur sint occaecat cupidatat non proident, sunt in culpa qui officia deserunt mollit anim id est laborum.</p>", "master": 12}}, {"model": "visualAdmin.expositiontranslation", "pk": 13, "fields": {"language_code": "fr", "title": "Futuroscope", "description": "<p>Lorem ipsum dolor sit amet, consectetur adipiscing elit, sed do eiusmod tempor incididunt ut labore et dolore magna aliqua. Ut enim ad minim veniam, quis nostrud exercitation ullamco laboris nisi ut aliquip ex ea commodo consequat. Duis aute irure dolor in reprehenderit in voluptate velit esse cillum dolore eu fugiat nulla pariatur. Excepteur sint occaecat cupidatat non proident, sunt in culpa qui officia deserunt mollit anim id est laborum.</p>", "master": 13}}, {"model": "visualAdmin.expositiontranslation", "pk": 14, "fields": {"language_code": "fr", "title": "Parc des arts", "description": "<p>Lorem ipsum dolor sit amet, consectetur adipiscing elit, sed do eiusmod tempor incididunt ut labore et dolore magna aliqua. Ut enim ad minim veniam, quis nostrud exercitation ullamco laboris nisi ut aliquip ex ea commodo consequat. Duis aute irure dolor in reprehenderit in voluptate velit esse cillum dolore eu fugiat nulla pariatur. Excepteur sint occaecat cupidatat non proident, sunt in culpa qui officia deserunt mollit anim id est laborum.</p>", "master": 14}}, {"model": "visualAdmin.expositiontranslation", "pk": 15, "fields": {"language_code": "fr", "title": "Color GrandAngle", "description": "<p>Lorem ipsum dolor sit amet, consectetur adipiscing elit, sed do eiusmod tempor incididunt ut labore et dolore magna aliqua. Ut enim ad minim veniam, quis nostrud exercitation ullamco laboris nisi ut aliquip ex ea commodo consequat. Duis aute irure dolor in reprehenderit in voluptate velit esse cillum dolore eu fugiat nulla pariatur. Excepteur sint occaecat cupidatat non proident, sunt in culpa qui officia deserunt mollit anim id est laborum.Lorem ipsum dolor sit amet, consectetur adipiscing elit, sed do eiusmod tempor incididunt ut labore et dolore magna aliqua. Ut enim ad minim veniam, quis nostrud exercitation ullamco laboris nisi ut aliquip ex ea commodo consequat. Duis aute irure dolor in reprehenderit in voluptate velit esse cillum dolore eu fugiat nulla pariatur. Excepteur sint occaecat cupidatat non proident, sunt in culpa qui officia deserunt mollit anim id est laborum.</p>", "master": 15}}, {"model": "visualAdmin.expositiontranslation", "pk": 16, "fields": {"language_code": "fr", "title": "Django Expo", "description": "<p>Lorem ipsum dolor sit amet, consectetur adipiscing elit, sed do eiusmod tempor incididunt ut labore et dolore magna aliqua. Ut enim ad minim veniam, quis nostrud exercitation ullamco laboris nisi ut aliquip ex ea commodo consequat. Duis aute irure dolor in reprehenderit in voluptate velit esse cillum dolore eu fugiat nulla pariatur. Excepteur sint occaecat cupidatat non proident, sunt in culpa qui officia deserunt mollit anim id est laborum.Lorem ipsum dolor sit amet, consectetur adipiscing elit, sed do eiusmod tempor incididunt ut labore et dolore magna aliqua. Ut enim ad minim veniam, quis nostrud exercitation ullamco laboris nisi ut aliquip ex ea commodo consequat. Duis aute irure dolor in reprehenderit in voluptate velit esse cillum dolore eu fugiat nulla pariatur. Excepteur sint occaecat cupidatat non proident, sunt in culpa qui officia deserunt mollit anim id est laborum.</p>", "master": 16}}, {"model": "visualAdmin.expositiontranslation", "pk": 17, "fields": {"language_code": "fr", "title": "VisualExp", "description": "<p>Lorem ipsum dolor sit amet, consectetur adipiscing elit, sed do eiusmod tempor incididunt ut labore et dolore magna aliqua. Ut enim ad minim veniam, quis nostrud exercitation ullamco laboris nisi ut aliquip ex ea commodo consequat. Duis aute irure dolor in reprehenderit in voluptate velit esse cillum dolore eu fugiat nulla pariatur. Excepteur sint occaecat cupidatat non proident, sunt in culpa qui officia deserunt mollit anim id est laborum.</p>", "master": 17}}, {"model": "visualAdmin.expositiontranslation", "pk": 18, "fields": {"language_code": "fr", "title": "Visual", "description": "<p>Lorem ipsum dolor sit amet, consectetur adipiscing elit, sed do eiusmod tempor incididunt ut labore et dolore magna aliqua. Ut enim ad minim veniam, quis nostrud exercitation ullamco laboris nisi ut aliquip ex ea commodo consequat. Duis aute irure dolor in reprehenderit in voluptate velit esse cillum dolore eu fugiat nulla pariatur. Excepteur sint occaecat cupidatat non proident, sunt in culpa qui officia deserunt mollit anim id est laborum.</p>", "master": 18}}, {"model": "visualAdmin.expositiontranslation", "pk": 19, "fields": {"language_code": "fr", "title": "Expo de mars", "description": "<p>Lorem ipsum dolor sit amet, consectetur adipiscing elit, sed do eiusmod tempor incididunt ut labore et dolore magna aliqua. Ut enim ad minim veniam, quis nostrud exercitation ullamco laboris nisi ut aliquip ex ea commodo consequat. Duis aute irure dolor in reprehenderit in voluptate velit esse cillum dolore eu fugiat nulla pariatur. Excepteur sint occaecat cupidatat non proident, sunt in culpa qui officia deserunt mollit anim id est laborum.</p>", "master": 19}}, {"model": "visualAdmin.expositiontranslation", "pk": 20, "fields": {"language_code": "fr", "title": "EncoreExpo", "description": "<p>Lorem ipsum dolor sit amet, consectetur adipiscing elit, sed do eiusmod tempor incididunt ut labore et dolore magna aliqua. Ut enim ad minim veniam, quis nostrud exercitation ullamco laboris nisi ut aliquip ex ea commodo consequat. Duis aute irure dolor in reprehenderit in voluptate velit esse cillum dolore eu fugiat nulla pariatur. Excepteur sint occaecat cupidatat non proident, sunt in culpa qui officia deserunt mollit anim id est laborum.Lorem ipsum dolor sit amet, consectetur adipiscing elit, sed do eiusmod tempor incididunt ut labore et dolore magna aliqua. Ut enim ad minim veniam, quis nostrud exercitation ullamco laboris nisi ut aliquip ex ea commodo consequat. Duis aute irure dolor in reprehenderit in voluptate velit esse cillum dolore eu fugiat nulla pariatur. Excepteur sint occaecat cupidatat non proident, sunt in culpa qui officia deserunt mollit anim id est laborum.</p>", "master": 20}}, {"model": "visualAdmin.expositiontranslation", "pk": 21, "fields": {"language_code": "fr", "title": "M6 Expo", "description": "<p>Lorem ipsum dolor sit amet, consectetur adipiscing elit, sed do eiusmod tempor incididunt ut labore et dolore magna aliqua. Ut enim ad minim veniam, quis nostrud exercitation ullamco laboris nisi ut aliquip ex ea commodo consequat. Duis aute irure dolor in reprehenderit in voluptate velit esse cillum dolore eu fugiat nulla pariatur. Excepteur sint occaecat cupidatat non proident, sunt in culpa qui officia deserunt mollit anim id est laborum.Lorem ipsum dolor sit amet, consectetur adipiscing elit, sed do eiusmod tempor incididunt ut labore et dolore magna aliqua. Ut enim ad minim veniam, quis nostrud exercitation ullamco laboris nisi ut aliquip ex ea commodo consequat. Duis aute irure dolor in reprehenderit in voluptate velit esse cillum dolore eu fugiat nulla pariatur. Excepteur sint occaecat cupidatat non proident, sunt in culpa qui officia deserunt mollit anim id est laborum.</p>", "master": 21}}, {"model": "visualAdmin.exposition", "pk": 6, "fields": {"author": "CGM", "start_date": "2016-07-28", "end_date": "2016-07-30", "image": ""}}, {"model": "visualAdmin.exposition", "pk": 7, "fields": {"author": "FDH", "start_date": "2016-07-25", "end_date": "2016-07-25", "image": ""}}, {"model": "visualAdmin.exposition", "pk": 8, "fields": {"author": "JYT", "start_date": "2016-08-02", "end_date": "2016-08-02", "image": ""}}, {"model": "visualAdmin.exposition", "pk": 9, "fields": {"author": "KIO", "start_date": "2016-08-09", "end_date": "2016-08-15", "image": ""}}, {"model": "visualAdmin.exposition", "pk": 10, "fields": {"author": "MOP", "start_date": "2016-08-25", "end_date": "2016-09-12", "image": ""}}, {"model": "visualAdmin.exposition", "pk": 11, "fields": {"author": "GFT", "start_date": "2016-09-22", "end_date": "2016-09-30", "image": ""}}, {"model": "visualAdmin.exposition", "pk": 12, "fields": {"author": "BHGT", "start_date": "2016-10-03", "end_date": "2016-10-07", "image": ""}}, {"model": "visualAdmin.exposition", "pk": 13, "fields": {"author": "Future", "start_date": "2016-10-15", "end_date": "2016-10-22", "image": ""}}, {"model": "visualAdmin.exposition", "pk": 14, "fields": {"author": "Arts", "start_date": "2016-10-29", "end_date": "2016-11-15", "image": ""}}, {"model": "visualAdmin.exposition", "pk": 15, "fields": {"author": "Student", "start_date": "2016-12-06", "end_date": "2017-01-15", "image": ""}}, {"model": "visualAdmin.exposition", "pk": 16, "fields": {"author": "django", "start_date": "2017-02-02", "end_date": "2017-02-03", "image": ""}}, {"model": "visualAdmin.exposition", "pk": 17, "fields": {"author": "Visual", "start_date": "2017-03-20", "end_date": "2017-03-24", "image": ""}}, {"model": "visualAdmin.exposition", "pk": 18, "fields": {"author": "Vis", "start_date": "2017-03-24", "end_date": "2017-03-24", "image": ""}}, {"model": "visualAdmin.exposition", "pk": 19, "fields": {"author": "Mars", "start_date": "2017-03-28", "end_date": "2017-03-28", "image": ""}}, {"model": "visualAdmin.exposition", "pk": 20, "fields": {"author": "Enc", "start_date": "2017-04-01", "end_date": "2017-04-15", "image": ""}}, {"model": "visualAdmin.exposition", "pk": 21, "fields": {"author": "M6", "start_date": "2017-04-19", "end_date": "2017-04-25", "image": ""}}, {"model": "visualAdmin.display", "pk": 2, "fields": {"artwork": 17, "exposition": 6, "position": 1, "nb_views": 3, "has_arrived": true}}, {"model": "visualAdmin.display", "pk": 3, "fields": {"artwork": 16, "exposition": 6, "position": 2, "nb_views": 0, "has_arrived": false}}, {"model": "visualAdmin.display", "pk": 4, "fields": {"artwork": 14, "exposition": 6, "position": 8, "nb_views": 0, "has_arrived": false}}, {"model": "visualAdmin.display", "pk": 5, "fields": {"artwork": 4, "exposition": 6, "position": 6, "nb_views": 0, "has_arrived": false}}, {"model": "visualAdmin.visualuser", "pk": 4, "fields": {"user": 2, "telephone": "0609090909"}}, {"model": "visualAdmin.visualuser", "pk": 5, "fields": {"user": 3, "telephone": "0299887766"}}, {"model": "visualAdmin.visualuser", "pk": 6, "fields": {"user": 4, "telephone": "0648248143"}}, {"model": "visualAdmin.task", "pk": 1, "fields": {"exposition": 6, "start_date": "2016-07-28T07:16:59Z", "end_date": "2016-07-28T16:00:00Z", "name": "Accrocher les oeuvres", "description": "Accrocher les oeuvres", "is_completed": false, "users": [1]}}, {"model": "admin.logentry", "pk": 1, "fields": {"action_time": "2016-07-25T10:18:28Z", "user": 1, "content_type": 14, "object_id": "1", "object_repr": "Test Artiste", "action_flag": 1, "change_message": "Ajout."}}, {"model": "admin.logentry", "pk": 2, "fields": {"action_time": "2016-07-25T10:19:08Z", "user": 1, "content_type": 14, "object_id": "1", "object_repr": "John Lee", "action_flag": 2, "change_message": "Modification de first_name et last_name."}}, {"model": "admin.logentry", "pk": 3, "fields": {"action_time": "2016-07-25T10:20:22Z", "user": 1, "content_type": 14, "object_id": "1", "object_repr": "John Lee", "action_flag": 2, "change_message": "Modification de description."}}, {"model": "admin.logentry", "pk": 4, "fields": {"action_time": "2016-07-25T10:23:52Z", "user": 1, "content_type": 8, "object_id": "1", "object_repr": "test", "action_flag": 1, "change_message": "Ajout."}}, {"model": "admin.logentry", "pk": 5, "fields": {"action_time": "2016-07-25T10:28:05Z", "user": 1, "content_type": 16, "object_id": "1", "object_repr": "rrr", "action_flag": 1, "change_message": "Ajout."}}, {"model": "admin.logentry", "pk": 6, "fields": {"action_time": "2016-07-25T13:21:44Z", "user": 1, "content_type": 13, "object_id": "1", "object_repr": "test", "action_flag": 1, "change_message": "Ajout."}}, {"model": "admin.logentry", "pk": 7, "fields": {"action_time": "2016-07-25T13:22:21Z", "user": 1, "content_type": 16, "object_id": "1", "object_repr": "", "action_flag": 3, "change_message": ""}}, {"model": "admin.logentry", "pk": 8, "fields": {"action_time": "2016-07-25T13:22:30Z", "user": 1, "content_type": 16, "object_id": "2", "object_repr": "tes", "action_flag": 1, "change_message": "Ajout."}}, {"model": "admin.logentry", "pk": 9, "fields": {"action_time": "2016-07-25T14:19:52Z", "user": 1, "content_type": 16, "object_id": "3", "object_repr": "poitierstours", "action_flag": 1, "change_message": "Ajout."}}, {"model": "admin.logentry", "pk": 10, "fields": {"action_time": "2016-07-25T14:20:28Z", "user": 1, "content_type": 16, "object_id": "4", "object_repr": "Test 3", "action_flag": 1, "change_message": "Ajout."}}, {"model": "admin.logentry", "pk": 11, "fields": {"action_time": "2016-07-25T14:28:41Z", "user": 1, "content_type": 11, "object_id": "2", "object_repr": "oeuvre 2", "action_flag": 1, "change_message": "Ajout."}}, {"model": "admin.logentry", "pk": 12, "fields": {"action_time": "2016-07-25T14:29:16Z", "user": 1, "content_type": 14, "object_id": "2", "object_repr": "doeeeeeee", "action_flag": 1, "change_message": "Ajout."}}, {"model": "admin.logentry", "pk": 13, "fields": {"action_time": "2016-07-25T14:30:41Z", "user": 1, "content_type": 12, "object_id": "3", "object_repr": "image test", "action_flag": 1, "change_message": "Ajout."}}, {"model": "admin.logentry", "pk": 14, "fields": {"action_time": "2016-07-25T15:20:49Z", "user": 1, "content_type": 16, "object_id": "5", "object_repr": "test021", "action_flag": 1, "change_message": "Ajout."}}, {"model": "admin.logentry", "pk": 15, "fields": {"action_time": "2016-07-26T18:25:25Z", "user": 1, "content_type": 14, "object_id": "3", "object_repr": "Dup", "action_flag": 1, "change_message": "Ajout."}}, {"model": "admin.logentry", "pk": 16, "fields": {"action_time": "2016-07-26T18:26:36Z", "user": 1, "content_type": 14, "object_id": "4", "object_repr": "King", "action_flag": 1, "change_message": "Ajout."}}, {"model": "admin.logentry", "pk": 17, "fields": {"action_time": "2016-07-26T18:28:23Z", "user": 1, "content_type": 14, "object_id": "5", "object_repr": "Jo", "action_flag": 1, "change_message": "Ajout."}}, {"model": "admin.logentry", "pk": 18, "fields": {"action_time": "2016-07-26T18:29:12Z", "user": 1, "content_type": 16, "object_id": "5", "object_repr": "test021", "action_flag": 3, "change_message": ""}}, {"model": "admin.logentry", "pk": 19, "fields": {"action_time": "2016-07-26T18:29:21Z", "user": 1, "content_type": 16, "object_id": "4", "object_repr": "Test 3", "action_flag": 3, "change_message": ""}}, {"model": "admin.logentry", "pk": 20, "fields": {"action_time": "2016-07-26T18:29:29Z", "user": 1, "content_type": 16, "object_id": "2", "object_repr": "tes", "action_flag": 3, "change_message": ""}}, {"model": "admin.logentry", "pk": 21, "fields": {"action_time": "2016-07-26T18:30:42Z", "user": 1, "content_type": 16, "object_id": "3", "object_repr": "poitierstours", "action_flag": 3, "change_message": ""}}, {"model": "admin.logentry", "pk": 22, "fields": {"action_time": "2016-07-26T18:31:14Z", "user": 1, "content_type": 16, "object_id": "6", "object_repr": "Soutenance", "action_flag": 1, "change_message": "Ajout."}}, {"model": "admin.logentry", "pk": 23, "fields": {"action_time": "2016-07-26T18:32:01Z", "user": 1, "content_type": 16, "object_id": "7", "object_repr": "Before", "action_flag": 1, "change_message": "Ajout."}}, {"model": "admin.logentry", "pk": 24, "fields": {"action_time": "2016-07-26T18:32:43Z", "user": 1, "content_type": 16, "object_id": "8", "object_repr": "After", "action_flag": 1, "change_message": "Ajout."}}, {"model": "admin.logentry", "pk": 25, "fields": {"action_time": "2016-07-26T18:33:35Z", "user": 1, "content_type": 16, "object_id": "9", "object_repr": "GalleriePoitiers", "action_flag": 1, "change_message": "Ajout."}}, {"model": "admin.logentry", "pk": 26, "fields": {"action_time": "2016-07-26T18:34:25Z", "user": 1, "content_type": 16, "object_id": "10", "object_repr": "GallerieVienne", "action_flag": 1, "change_message": "Ajout."}}, {"model": "admin.logentry", "pk": 27, "fields": {"action_time": "2016-07-26T18:36:29Z", "user": 1, "content_type": 16, "object_id": "11", "object_repr": "VienneArt", "action_flag": 1, "change_message": "Ajout."}}, {"model": "admin.logentry", "pk": 28, "fields": {"action_time": "2016-07-26T18:37:14Z", "user": 1, "content_type": 16, "object_id": "12", "object_repr": "PoitiersArt", "action_flag": 1, "change_message": "Ajout."}}, {"model": "admin.logentry", "pk": 29, "fields": {"action_time": "2016-07-26T18:38:11Z", "user": 1, "content_type": 16, "object_id": "13", "object_repr": "Futuroscope", "action_flag": 1, "change_message": "Ajout."}}, {"model": "admin.logentry", "pk": 30, "fields": {"action_time": "2016-07-26T18:38:56Z", "user": 1, "content_type": 16, "object_id": "14", "object_repr": "Parc des arts", "action_flag": 1, "change_message": "Ajout."}}, {"model": "admin.logentry", "pk": 31, "fields": {"action_time": "2016-07-26T18:43:17Z", "user": 1, "content_type": 16, "object_id": "15", "object_repr": "Color GrandAngle", "action_flag": 1, "change_message": "Ajout."}}, {"model": "admin.logentry", "pk": 32, "fields": {"action_time": "2016-07-26T18:45:44Z", "user": 1, "content_type": 16, "object_id": "16", "object_repr": "Django Expo", "action_flag": 1, "change_message": "Ajout."}}, {"model": "admin.logentry", "pk": 33, "fields": {"action_time": "2016-07-26T18:49:54Z", "user": 1, "content_type": 16, "object_id": "17", "object_repr": "VisualExp", "action_flag": 1, "change_message": "Ajout."}}, {"model": "admin.logentry", "pk": 34, "fields": {"action_time": "2016-07-26T18:50:27Z", "user": 1, "content_type": 16, "object_id": "18", "object_repr": "Visual", "action_flag": 1, "change_message": "Ajout."}}, {"model": "admin.logentry", "pk": 35, "fields": {"action_time": "2016-07-26T18:51:10Z", "user": 1, "content_type": 16, "object_id": "19", "object_repr": "Expo de mars", "action_flag": 1, "change_message": "Ajout."}}, {"model": "admin.logentry", "pk": 36, "fields": {"action_time": "2016-07-26T18:52:26Z", "user": 1, "content_type": 16, "object_id": "20", "object_repr": "EncoreExpo", "action_flag": 1, "change_message": "Ajout."}}, {"model": "admin.logentry", "pk": 37, "fields": {"action_time": "2016-07-26T18:53:02Z", "user": 1, "content_type": 16, "object_id": "21", "object_repr": "M6 Expo", "action_flag": 1, "change_message": "Ajout."}}, {"model": "admin.logentry", "pk": 38, "fields": {"action_time": "2016-07-26T18:55:12Z", "user": 1, "content_type": 12, "object_id": "4", "object_repr": "R\u00e9volution", "action_flag": 1, "change_message": "Ajout."}}, {"model": "admin.logentry", "pk": 39, "fields": {"action_time": "2016-07-26T18:56:06Z", "user": 1, "content_type": 13, "object_id": "5", "object_repr": "Musique", "action_flag": 1, "change_message": "Ajout."}}, {"model": "admin.logentry", "pk": 40, "fields": {"action_time": "2016-07-26T18:56:46Z", "user": 1, "content_type": 11, "object_id": "6", "object_repr": "Film", "action_flag": 1, "change_message": "Ajout."}}, {"model": "admin.logentry", "pk": 41, "fields": {"action_time": "2016-07-26T18:57:28Z", "user": 1, "content_type": 11, "object_id": "7", "object_repr": "Lucy", "action_flag": 1, "change_message": "Ajout."}}, {"model": "admin.logentry", "pk": 42, "fields": {"action_time": "2016-07-26T18:58:25Z", "user": 1, "content_type": 11, "object_id": "8", "object_repr": "Ninja Turtles", "action_flag": 1, "change_message": "Ajout."}}, {"model": "admin.logentry", "pk": 43, "fields": {"action_time": "2016-07-26T18:59:44Z", "user": 1, "content_type": 13, "object_id": "9", "object_repr": "Son 2", "action_flag": 1, "change_message": "Ajout."}}, {"model": "admin.logentry", "pk": 44, "fields": {"action_time": "2016-07-26T19:00:17Z", "user": 1, "content_type": 13, "object_id": "10", "object_repr": "Son 3", "action_flag": 1, "change_message": "Ajout."}}, {"model": "admin.logentry", "pk": 45, "fields": {"action_time": "2016-07-26T19:00:56Z", "user": 1, "content_type": 12, "object_id": "11", "object_repr": "Image 4", "action_flag": 1, "change_message": "Ajout."}}, {"model": "admin.logentry", "pk": 46, "fields": {"action_time": "2016-07-26T19:01:47Z", "user": 1, "content_type": 14, "object_id": "6", "object_repr": "P1", "action_flag": 1, "change_message": "Ajout."}}, {"model": "admin.logentry", "pk": 47, "fields": {"action_time": "2016-07-26T19:02:02Z", "user": 1, "content_type": 12, "object_id": "12", "object_repr": "Image 5", "action_flag": 1, "change_message": "Ajout."}}, {"model": "admin.logentry", "pk": 48, "fields": {"action_time": "2016-07-26T19:02:29Z", "user": 1, "content_type": 12, "object_id": "13", "object_repr": "Image 6", "action_flag": 1, "change_message": "Ajout."}}, {"model": "admin.logentry", "pk": 49, "fields": {"action_time": "2016-07-26T19:03:08Z", "user": 1, "content_type": 14, "object_id": "7", "object_repr": "C1", "action_flag": 1, "change_message": "Ajout."}}, {"model": "admin.logentry", "pk": 50, "fields": {"action_time": "2016-07-26T19:03:28Z", "user": 1, "content_type": 13, "object_id": "14", "object_repr": "Son 4", "action_flag": 1, "change_message": "Ajout."}}, {"model": "admin.logentry", "pk": 51, "fields": {"action_time": "2016-07-26T19:04:27Z", "user": 1, "content_type": 11, "object_id": "15", "object_repr": "Video 2", "action_flag": 1, "change_message": "Ajout."}}, {"model": "admin.logentry", "pk": 52, "fields": {"action_time": "2016-07-26T19:04:55Z", "user": 1, "content_type": 11, "object_id": "16", "object_repr": "Video 3", "action_flag": 1, "change_message": "Ajout."}}, {"model": "admin.logentry", "pk": 53, "fields": {"action_time": "2016-07-26T19:09:38Z", "user": 1, "content_type": 12, "object_id": "17", "object_repr": "VisualPicture", "action_flag": 1, "change_message": "Ajout."}}, {"model": "admin.logentry", "pk": 54, "fields": {"action_time": "2016-07-26T19:13:50Z", "user": 1, "content_type": 18, "object_id": "1", "object_repr": "Soutenance - Image 4", "action_flag": 1, "change_message": "Ajout."}}, {"model": "admin.logentry", "pk": 55, "fields": {"action_time": "2016-07-27T13:34:46Z", "user": 1, "content_type": 4, "object_id": "4", "object_repr": "Mathieu", "action_flag": 1, "change_message": "Ajout."}}, {"model": "admin.logentry", "pk": 56, "fields": {"action_time": "2016-07-27T13:36:32Z", "user": 2, "content_type": 4, "object_id": "4", "object_repr": "Mathieu", "action_flag": 2, "change_message": "Modification de first_name, last_name, email et groups. Utilisateur \u00ab\u00a0MathieuLemaire\u00a0\u00bb ajout\u00e9."}}, {"model": "admin.logentry", "pk": 57, "fields": {"action_time": "2016-07-28T07:17:12Z", "user": 1, "content_type": 19, "object_id": "1", "object_repr": "Accrocher les oeuvres", "action_flag": 1, "change_message": "Ajout."}}]